-- phpMyAdmin SQL Dump
-- version 5.1.1deb5ubuntu1
-- https://www.phpmyadmin.net/
--
-- Host: localhost:3306
-- Czas generowania: 03 Lut 2024, 12:21
-- Wersja serwera: 8.0.35-0ubuntu0.22.04.1
-- Wersja PHP: 8.1.2-1ubuntu2.14

SET SQL_MODE = "NO_AUTO_VALUE_ON_ZERO";
START TRANSACTION;
SET time_zone = "+00:00";


/*!40101 SET @OLD_CHARACTER_SET_CLIENT=@@CHARACTER_SET_CLIENT */;
/*!40101 SET @OLD_CHARACTER_SET_RESULTS=@@CHARACTER_SET_RESULTS */;
/*!40101 SET @OLD_COLLATION_CONNECTION=@@COLLATION_CONNECTION */;
/*!40101 SET NAMES utf8mb4 */;

--
-- Baza danych: `p1`
--

-- --------------------------------------------------------

--
-- Struktura tabeli dla tabeli `t_akcje_meczowe`
--

CREATE TABLE `t_akcje_meczowe` (
  `id_akcji` int NOT NULL,
  `minuta` int DEFAULT NULL,
  `fk_id_typ_akcji` int DEFAULT NULL,
  `fk_id_mecz` int DEFAULT NULL,
  `fk_id_osoba` int DEFAULT NULL
) ENGINE=InnoDB DEFAULT CHARSET=utf8mb4 COLLATE=utf8mb4_0900_ai_ci;

--
-- Zrzut danych tabeli `t_akcje_meczowe`
--

INSERT INTO `t_akcje_meczowe` (`id_akcji`, `minuta`, `fk_id_typ_akcji`, `fk_id_mecz`, `fk_id_osoba`) VALUES
(302, 11, 3, 1, 51),
(303, 46, 3, 1, 48),
(304, 32, 3, 2, 434),
(305, 50, 4, 3, 101),
(306, 7, 4, 3, 409),
(307, 8, 1, 4, 383),
(308, 53, 3, 4, 389),
(309, 56, 3, 4, 123),
(310, 16, 1, 4, 124),
(311, 20, 3, 5, 365),
(312, 37, 2, 5, 146),
(313, 58, 4, 5, 357),
(314, 3, 2, 7, 192),
(315, 26, 4, 7, 190),
(316, 51, 3, 7, 190),
(317, 4, 3, 7, 197),
(318, 51, 4, 8, 220),
(319, 62, 3, 8, 221),
(320, 51, 2, 8, 221),
(321, 9, 1, 8, 289),
(322, 56, 4, 9, 237),
(323, 56, 3, 9, 240),
(324, 66, 4, 9, 238),
(325, 55, 2, 10, 437),
(326, 46, 2, 10, 436),
(327, 51, 2, 11, 460),
(328, 1, 2, 11, 462),
(329, 39, 4, 12, 435),
(330, 45, 3, 13, 412),
(331, 73, 3, 13, 362),
(332, 76, 3, 15, 364),
(333, 21, 4, 15, 312),
(334, 12, 1, 16, 291),
(335, 35, 2, 16, 340),
(336, 77, 3, 16, 333),
(337, 55, 2, 16, 285),
(338, 74, 1, 17, 261),
(339, 35, 3, 17, 267),
(340, 60, 2, 17, 268),
(341, 74, 3, 17, 261),
(342, 41, 4, 18, 242),
(343, 70, 1, 18, 286),
(344, 2, 4, 18, 237),
(345, 21, 3, 18, 242),
(346, 85, 4, 19, 414),
(347, 28, 3, 20, 383),
(348, 23, 4, 20, 383),
(349, 45, 1, 21, 454),
(350, 80, 3, 21, 462),
(351, 64, 3, 21, 365),
(352, 12, 2, 21, 455),
(353, 76, 3, 22, 339),
(354, 49, 4, 23, 314),
(355, 66, 3, 23, 318),
(356, 68, 1, 23, 101),
(357, 10, 4, 24, 291),
(358, 88, 1, 24, 124),
(359, 48, 3, 24, 293),
(360, 55, 4, 25, 145),
(361, 90, 1, 25, 261),
(362, 48, 4, 26, 173),
(363, 48, 4, 26, 170),
(364, 43, 4, 26, 239),
(365, 10, 3, 26, 171),
(366, 13, 1, 27, 216),
(367, 60, 1, 27, 222),
(368, 65, 4, 27, 222),
(369, 74, 2, 29, 360),
(370, 2, 1, 29, 406),
(371, 19, 4, 29, 412),
(372, 43, 4, 30, 333),
(373, 10, 2, 32, 290),
(374, 58, 3, 33, 269),
(375, 90, 3, 34, 241),
(376, 58, 2, 34, 119),
(377, 38, 1, 34, 237),
(378, 82, 1, 37, 362),
(379, 20, 3, 37, 360),
(380, 12, 3, 38, 336),
(381, 31, 1, 38, 333),
(382, 6, 3, 38, 382),
(383, 9, 2, 38, 381),
(384, 39, 3, 39, 310),
(385, 62, 1, 39, 314),
(386, 48, 2, 39, 411),
(387, 49, 4, 40, 435),
(388, 16, 1, 42, 240),
(389, 65, 3, 45, 166),
(390, 35, 2, 45, 170),
(391, 90, 4, 46, 54),
(392, 78, 3, 47, 361),
(393, 56, 2, 47, 365),
(394, 9, 2, 47, 360),
(395, 78, 3, 48, 389),
(396, 31, 2, 48, 383),
(397, 71, 1, 51, 458),
(398, 66, 3, 51, 222),
(399, 72, 4, 51, 220),
(400, 55, 1, 51, 453),
(401, 37, 4, 52, 197),
(402, 25, 4, 52, 197),
(403, 84, 3, 54, 124),
(404, 7, 3, 55, 51),
(405, 55, 1, 56, 337),
(406, 68, 2, 56, 289),
(407, 3, 2, 56, 337),
(408, 65, 4, 57, 360),
(409, 20, 4, 57, 270),
(410, 33, 4, 58, 242),
(411, 67, 4, 58, 384),
(412, 70, 1, 58, 383),
(413, 38, 2, 58, 387),
(414, 68, 4, 60, 429),
(415, 14, 4, 61, 168),
(416, 5, 1, 61, 454),
(417, 82, 2, 62, 73),
(418, 74, 1, 62, 143),
(419, 18, 4, 63, 101),
(420, 82, 2, 63, 98),
(421, 64, 2, 63, 122),
(422, 19, 1, 65, 363),
(423, 33, 2, 65, 359),
(424, 18, 3, 65, 317),
(425, 32, 4, 65, 317),
(426, 34, 3, 66, 383),
(427, 72, 1, 66, 383),
(428, 27, 3, 66, 382),
(429, 32, 4, 66, 388),
(430, 50, 1, 67, 405),
(431, 82, 1, 67, 264),
(432, 26, 1, 67, 413),
(433, 65, 2, 68, 237),
(434, 77, 3, 68, 436),
(435, 44, 2, 68, 238),
(436, 25, 3, 69, 214),
(437, 26, 3, 74, 286),
(438, 73, 4, 75, 222),
(439, 31, 2, 75, 314),
(440, 16, 1, 75, 221),
(441, 71, 3, 76, 193),
(442, 42, 3, 76, 341),
(443, 72, 1, 78, 142),
(444, 68, 2, 78, 386),
(445, 49, 2, 78, 144),
(446, 18, 3, 78, 384),
(447, 38, 1, 79, 125),
(448, 54, 2, 79, 117),
(449, 38, 2, 79, 408),
(450, 58, 3, 80, 436),
(451, 79, 1, 80, 433),
(797, 56, 3, 80, 429),
(798, 79, 3, 81, 77),
(799, 2, 1, 84, 290),
(800, 76, 1, 84, 290),
(801, 3, 3, 84, 290),
(802, 80, 1, 86, 342),
(803, 79, 3, 87, 360),
(804, 55, 3, 88, 384),
(805, 36, 1, 88, 388),
(806, 5, 2, 88, 101),
(807, 21, 1, 88, 96),
(808, 35, 2, 89, 412),
(809, 2, 3, 89, 69),
(810, 28, 1, 89, 406),
(811, 64, 1, 90, 456),
(812, 89, 3, 90, 458),
(813, 5, 3, 90, 457),
(814, 65, 4, 90, 430),
(815, 19, 3, 91, 50),
(816, 22, 3, 91, 218),
(817, 89, 1, 92, 239),
(818, 13, 1, 92, 194),
(819, 86, 4, 92, 197),
(820, 73, 3, 93, 264),
(821, 12, 2, 96, 99),
(822, 61, 1, 96, 97),
(823, 20, 3, 96, 96),
(824, 51, 4, 96, 339),
(825, 15, 1, 98, 461),
(826, 49, 1, 98, 461),
(827, 53, 2, 98, 455),
(828, 85, 1, 98, 387),
(829, 73, 3, 99, 438),
(830, 89, 4, 99, 437),
(831, 33, 2, 99, 431),
(832, 33, 4, 100, 54),
(833, 81, 1, 100, 47),
(834, 59, 4, 100, 47),
(835, 77, 2, 100, 191),
(879, 57, 3, 101, 174),
(880, 61, 1, 101, 170),
(881, 20, 1, 102, 143),
(882, 56, 4, 102, 240),
(883, 3, 2, 102, 246),
(884, 37, 1, 103, 125),
(885, 34, 2, 103, 266),
(886, 34, 2, 104, 294),
(887, 53, 2, 104, 289),
(888, 26, 2, 104, 93),
(889, 12, 2, 105, 70),
(890, 11, 1, 105, 309),
(891, 56, 4, 105, 72),
(892, 70, 1, 106, 336),
(893, 39, 1, 106, 333),
(894, 38, 1, 107, 433),
(895, 19, 1, 107, 438),
(896, 16, 3, 107, 437),
(897, 3, 2, 108, 408),
(898, 20, 4, 109, 168),
(899, 30, 3, 109, 53),
(900, 28, 4, 109, 54),
(901, 13, 1, 111, 244),
(902, 60, 3, 111, 240),
(903, 40, 1, 111, 216),
(904, 62, 4, 111, 213),
(905, 37, 3, 112, 241),
(906, 77, 4, 112, 102),
(907, 31, 4, 112, 240),
(908, 54, 4, 112, 243),
(927, 6, 4, 113, 76),
(928, 24, 2, 113, 70),
(929, 71, 4, 113, 73),
(930, 88, 3, 114, 267),
(931, 87, 4, 114, 289),
(932, 28, 1, 114, 265),
(933, 69, 1, 114, 288),
(934, 26, 3, 116, 341),
(935, 57, 2, 117, 359),
(936, 29, 1, 117, 382),
(945, 28, 2, 128, 150),
(946, 33, 3, 128, 48),
(947, 15, 3, 128, 145),
(948, 75, 4, 128, 46),
(949, 41, 2, 129, 174),
(950, 68, 4, 130, 96),
(951, 86, 1, 130, 196),
(952, 27, 1, 130, 93),
(953, 87, 1, 132, 292),
(954, 26, 3, 132, 288),
(955, 44, 2, 132, 290),
(956, 44, 1, 132, 243),
(957, 88, 3, 133, 438),
(958, 18, 2, 133, 434),
(959, 80, 3, 134, 292),
(960, 81, 4, 134, 286),
(961, 5, 3, 134, 292),
(962, 20, 1, 135, 315),
(963, 54, 3, 135, 389),
(964, 8, 3, 135, 389),
(965, 89, 4, 137, 118),
(966, 19, 2, 137, 123),
(967, 54, 2, 137, 121),
(968, 89, 4, 139, 72),
(969, 35, 1, 140, 461),
(970, 14, 4, 140, 454),
(971, 65, 3, 142, 413),
(972, 1, 1, 142, 412),
(973, 29, 1, 142, 240),
(974, 61, 2, 142, 238),
(975, 3, 2, 143, 387),
(976, 74, 2, 143, 390),
(977, 33, 3, 145, 318),
(978, 48, 3, 145, 314),
(979, 60, 1, 147, 123),
(980, 77, 2, 147, 126),
(981, 38, 4, 147, 117),
(982, 41, 1, 147, 117),
(983, 16, 1, 148, 149),
(984, 60, 4, 148, 453),
(985, 29, 1, 148, 142),
(986, 1, 2, 148, 460),
(987, 43, 3, 149, 166),
(988, 26, 1, 149, 437),
(989, 90, 2, 149, 167),
(990, 24, 1, 150, 196),
(991, 25, 3, 150, 414),
(992, 40, 1, 150, 193),
(993, 65, 1, 150, 193),
(994, 14, 4, 152, 242),
(995, 80, 4, 154, 309),
(996, 19, 3, 154, 311),
(997, 8, 4, 155, 73),
(998, 46, 4, 155, 48),
(999, 44, 4, 157, 119),
(1000, 82, 4, 157, 436),
(1001, 66, 4, 157, 433),
(1002, 42, 4, 158, 411),
(1003, 58, 3, 158, 143),
(1004, 41, 4, 158, 147),
(1005, 44, 3, 158, 408),
(1006, 46, 3, 159, 384),
(1007, 55, 2, 159, 390),
(1008, 78, 2, 161, 342),
(1009, 75, 3, 162, 237),
(1010, 37, 4, 162, 311),
(1011, 86, 4, 162, 239),
(1012, 81, 1, 162, 244),
(1013, 76, 1, 163, 289),
(1014, 73, 2, 163, 292),
(1015, 35, 2, 163, 291),
(1016, 23, 1, 163, 266);

-- --------------------------------------------------------

--
-- Struktura tabeli dla tabeli `t_kolejki`
--

CREATE TABLE `t_kolejki` (
  `id_kolejka` varchar(255) NOT NULL,
  `numer_kolejki` int DEFAULT NULL,
  `fk_id_sezon` varchar(255) DEFAULT NULL,
  `fk_id_runda` int DEFAULT NULL
) ENGINE=InnoDB DEFAULT CHARSET=utf8mb4 COLLATE=utf8mb4_0900_ai_ci;

--
-- Zrzut danych tabeli `t_kolejki`
--

INSERT INTO `t_kolejki` (`id_kolejka`, `numer_kolejki`, `fk_id_sezon`, `fk_id_runda`) VALUES
('eks2023/2024k1', 2, 'eks2023/2024', 1),
('eks2023/2024k10', 10, 'eks2023/2024', 1),
('eks2023/2024k11', 11, 'eks2023/2024', 1),
('eks2023/2024k12', 12, 'eks2023/2024', 1),
('eks2023/2024k13', 13, 'eks2023/2024', 1),
('eks2023/2024k14', 14, 'eks2023/2024', 1),
('eks2023/2024k15', 15, 'eks2023/2024', 1),
('eks2023/2024k16', 16, 'eks2023/2024', 1),
('eks2023/2024k17', 17, 'eks2023/2024', 1),
('eks2023/2024k18', 18, 'eks2023/2024', 1),
('eks2023/2024k19', 19, 'eks2023/2024', 2),
('eks2023/2024k2', 2, 'eks2023/2024', 1),
('eks2023/2024k20', 20, 'eks2023/2024', 2),
('eks2023/2024k21', 21, 'eks2023/2024', 2),
('eks2023/2024k22', 22, 'eks2023/2024', 2),
('eks2023/2024k23', 23, 'eks2023/2024', 2),
('eks2023/2024k24', 24, 'eks2023/2024', 2),
('eks2023/2024k25', 25, 'eks2023/2024', 2),
('eks2023/2024k26', 26, 'eks2023/2024', 2),
('eks2023/2024k27', 27, 'eks2023/2024', 2),
('eks2023/2024k28', 28, 'eks2023/2024', 2),
('eks2023/2024k29', 29, 'eks2023/2024', 2),
('eks2023/2024k3', 3, 'eks2023/2024', 1),
('eks2023/2024k30', 30, 'eks2023/2024', 2),
('eks2023/2024k31', 31, 'eks2023/2024', 2),
('eks2023/2024k32', 32, 'eks2023/2024', 2),
('eks2023/2024k33', 33, 'eks2023/2024', 2),
('eks2023/2024k34', 34, 'eks2023/2024', 2),
('eks2023/2024k35', 35, 'eks2023/2024', 2),
('eks2023/2024k36', 36, 'eks2023/2024', 2),
('eks2023/2024k4', 4, 'eks2023/2024', 1),
('eks2023/2024k5', 5, 'eks2023/2024', 1),
('eks2023/2024k6', 6, 'eks2023/2024', 1),
('eks2023/2024k7', 7, 'eks2023/2024', 1),
('eks2023/2024k8', 8, 'eks2023/2024', 1),
('eks2023/2024k9', 9, 'eks2023/2024', 1);

-- --------------------------------------------------------

--
-- Struktura tabeli dla tabeli `t_kontrakty`
--

CREATE TABLE `t_kontrakty` (
  `id_kontraktu` int NOT NULL,
  `fk_id_zespolu` varchar(255) DEFAULT NULL,
  `fk_id_osoba` int DEFAULT NULL,
  `data_podpisania` date DEFAULT NULL,
  `data_konca` date DEFAULT NULL,
  `fk_id_typ_kontraktu` int DEFAULT NULL
) ENGINE=InnoDB DEFAULT CHARSET=utf8mb4 COLLATE=utf8mb4_0900_ai_ci;

--
-- Zrzut danych tabeli `t_kontrakty`
--

INSERT INTO `t_kontrakty` (`id_kontraktu`, `fk_id_zespolu`, `fk_id_osoba`, `data_podpisania`, `data_konca`, `fk_id_typ_kontraktu`) VALUES
(1, 'CHO', 9, '2022-06-15', '2024-06-15', 1),
(2, 'CRZ', 10, '2023-06-15', '2025-06-15', 1),
(3, 'GKS', 11, '2022-06-15', '2024-06-15', 1),
(4, 'JAG', 12, '2023-06-15', '2025-06-15', 1),
(5, 'LEC', 13, '2022-06-15', '2024-06-15', 1),
(6, 'LEG', 14, '2023-06-15', '2025-06-15', 1),
(7, 'LPO', 15, '2022-06-15', '2024-06-15', 1),
(8, 'MIE', 16, '2023-06-15', '2025-06-15', 1),
(9, 'PAK', 17, '2022-06-15', '2024-06-15', 1),
(10, 'PZN', 18, '2023-06-15', '2025-06-15', 1),
(11, 'RKP', 19, '2022-06-15', '2024-06-15', 1),
(12, 'SLZ', 20, '2023-06-15', '2025-06-15', 1),
(13, 'GZB', 21, '2022-06-15', '2024-06-15', 1),
(14, 'SLP', 22, '2023-06-15', '2025-06-15', 1),
(15, 'WDZ', 23, '2022-06-15', '2024-06-15', 1),
(16, 'WLO', 24, '2023-06-15', '2025-06-15', 1),
(17, 'WRK', 25, '2022-06-15', '2024-06-15', 2),
(18, 'ARK', 26, '2023-06-15', '2025-06-15', 2),
(19, 'CHO', 27, '2022-06-15', '2024-06-15', 2),
(20, 'CRZ', 28, '2023-06-15', '2025-06-15', 2),
(21, 'GKS', 29, '2022-06-15', '2024-06-15', 2),
(22, 'JAG', 30, '2023-06-15', '2025-06-15', 2),
(23, 'LEC', 31, '2022-06-15', '2024-06-15', 2),
(24, 'LEG', 32, '2023-06-15', '2025-06-15', 2),
(25, 'LPO', 33, '2022-06-15', '2024-06-15', 2),
(26, 'MIE', 34, '2023-06-15', '2025-06-15', 2),
(27, 'PAK', 35, '2022-06-15', '2024-06-15', 2),
(28, 'PZN', 36, '2023-06-15', '2025-06-15', 2),
(29, 'RKP', 37, '2022-06-15', '2024-06-15', 2),
(30, 'SLZ', 38, '2023-06-15', '2025-06-15', 2),
(31, 'GZB', 39, '2022-06-15', '2024-06-15', 2),
(32, 'SLP', 40, '2023-06-15', '2025-06-15', 2),
(33, 'WDZ', 41, '2022-06-15', '2024-06-15', 2),
(34, 'WLO', 42, '2023-06-15', '2025-06-15', 2),
(35, 'WRK', 43, '2022-06-15', '2024-06-15', 2),
(36, 'ARK', 44, '2023-06-15', '2025-06-15', 2),
(37, 'ARK', 45, '2022-06-15', '2024-06-15', 3),
(38, 'ARK', 46, '2023-06-15', '2025-06-15', 3),
(39, 'ARK', 47, '2022-06-15', '2024-06-15', 3),
(40, 'ARK', 48, '2023-06-15', '2025-06-15', 3),
(41, 'ARK', 49, '2022-06-15', '2024-06-15', 3),
(42, 'ARK', 50, '2023-06-15', '2025-06-15', 3),
(43, 'ARK', 51, '2022-06-15', '2024-06-15', 3),
(44, 'ARK', 52, '2023-06-15', '2025-06-15', 3),
(45, 'ARK', 53, '2022-06-15', '2024-06-15', 3),
(46, 'ARK', 54, '2023-06-15', '2025-06-15', 3),
(47, 'ARK', 55, '2022-06-15', '2024-06-15', 3),
(48, 'ARK', 56, '2023-06-15', '2025-06-15', 3),
(49, 'ARK', 57, '2022-06-15', '2024-06-15', 3),
(50, 'ARK', 58, '2023-06-15', '2025-06-15', 3),
(51, 'ARK', 59, '2022-06-15', '2024-06-15', 3),
(52, 'ARK', 60, '2023-06-15', '2025-06-15', 3),
(53, 'ARK', 61, '2022-06-15', '2024-06-15', 3),
(54, 'ARK', 62, '2023-06-15', '2025-06-15', 3),
(55, 'ARK', 63, '2022-06-15', '2024-06-15', 3),
(56, 'ARK', 64, '2023-06-15', '2025-06-15', 3),
(57, 'ARK', 65, '2022-06-15', '2024-06-15', 4),
(58, 'ARK', 66, '2023-06-15', '2025-06-15', 4),
(59, 'ARK', 67, '2022-06-15', '2024-06-15', 4),
(60, 'ARK', 68, '2023-06-15', '2025-06-15', 4),
(61, 'ARK', 69, '2022-06-15', '2024-06-15', 4),
(62, 'ARK', 70, '2023-06-15', '2025-06-15', 4),
(63, 'CHO', 71, '2022-06-15', '2024-06-15', 3),
(64, 'CHO', 72, '2023-06-15', '2025-06-15', 3),
(65, 'CHO', 73, '2022-06-15', '2024-06-15', 3),
(66, 'CHO', 74, '2023-06-15', '2025-06-15', 3),
(67, 'CHO', 75, '2022-06-15', '2024-06-15', 3),
(68, 'CHO', 76, '2023-06-15', '2025-06-15', 3),
(69, 'CHO', 77, '2022-06-15', '2024-06-15', 3),
(70, 'CHO', 78, '2023-06-15', '2025-06-15', 3),
(71, 'CHO', 79, '2022-06-15', '2024-06-15', 3),
(72, 'CHO', 80, '2023-06-15', '2025-06-15', 3),
(73, 'CHO', 81, '2022-06-15', '2024-06-15', 3),
(74, 'CHO', 82, '2023-06-15', '2025-06-15', 3),
(75, 'CHO', 83, '2022-06-15', '2024-06-15', 3),
(76, 'CHO', 84, '2023-06-15', '2025-06-15', 3),
(77, 'CHO', 85, '2022-06-15', '2024-06-15', 3),
(78, 'CHO', 86, '2023-06-15', '2025-06-15', 3),
(79, 'CHO', 87, '2022-06-15', '2024-06-15', 3),
(80, 'CHO', 88, '2023-06-15', '2025-06-15', 3),
(81, 'CHO', 89, '2022-06-15', '2024-06-15', 3),
(82, 'CHO', 90, '2023-06-15', '2025-06-15', 4),
(83, 'CHO', 91, '2022-06-15', '2024-06-15', 4),
(84, 'CHO', 92, '2023-06-15', '2025-06-15', 4),
(85, 'CHO', 93, '2022-06-15', '2024-06-15', 4),
(86, 'CHO', 94, '2023-06-15', '2025-06-15', 4),
(87, 'CHO', 95, '2022-06-15', '2024-06-15', 4),
(88, 'CRZ', 96, '2023-06-15', '2025-06-15', 3),
(89, 'CRZ', 97, '2022-06-15', '2024-06-15', 3),
(90, 'CRZ', 98, '2023-06-15', '2025-06-15', 3),
(91, 'CRZ', 99, '2022-06-15', '2024-06-15', 3),
(92, 'CRZ', 100, '2023-06-15', '2025-06-15', 3),
(93, 'CRZ', 101, '2022-06-15', '2024-06-15', 3),
(94, 'CRZ', 102, '2023-06-15', '2025-06-15', 3),
(95, 'CRZ', 103, '2022-06-15', '2024-06-15', 3),
(96, 'CRZ', 104, '2023-06-15', '2025-06-15', 3),
(97, 'CRZ', 105, '2022-06-15', '2024-06-15', 3),
(98, 'CRZ', 106, '2023-06-15', '2025-06-15', 3),
(99, 'CRZ', 107, '2022-06-15', '2024-06-15', 3),
(100, 'CRZ', 108, '2023-06-15', '2025-06-15', 3),
(101, 'CRZ', 109, '2022-06-15', '2024-06-15', 3),
(102, 'CRZ', 110, '2023-06-15', '2025-06-15', 3),
(103, 'CRZ', 111, '2022-06-15', '2024-06-15', 3),
(104, 'CRZ', 112, '2023-06-15', '2025-06-15', 3),
(105, 'CRZ', 113, '2022-06-15', '2024-06-15', 3),
(106, 'CRZ', 114, '2023-06-15', '2025-06-15', 3),
(107, 'CRZ', 115, '2022-06-15', '2024-06-15', 4),
(108, 'CRZ', 116, '2023-06-15', '2025-06-15', 4),
(109, 'CRZ', 117, '2022-06-15', '2024-06-15', 4),
(110, 'CRZ', 118, '2023-06-15', '2025-06-15', 4),
(111, 'CRZ', 119, '2022-06-15', '2024-06-15', 4),
(112, 'CRZ', 120, '2023-06-15', '2025-06-15', 4),
(113, 'GKS', 121, '2022-06-15', '2024-06-15', 3),
(114, 'GKS', 122, '2023-06-15', '2025-06-15', 3),
(115, 'GKS', 123, '2022-06-15', '2024-06-15', 3),
(116, 'GKS', 124, '2023-06-15', '2025-06-15', 3),
(117, 'GKS', 125, '2022-06-15', '2024-06-15', 3),
(118, 'GKS', 126, '2023-06-15', '2025-06-15', 3),
(119, 'GKS', 127, '2022-06-15', '2024-06-15', 3),
(120, 'GKS', 128, '2023-06-15', '2025-06-15', 3),
(121, 'GKS', 129, '2022-06-15', '2024-06-15', 3),
(122, 'GKS', 130, '2023-06-15', '2025-06-15', 3),
(123, 'GKS', 131, '2022-06-15', '2024-06-15', 3),
(124, 'GKS', 132, '2023-06-15', '2025-06-15', 3),
(125, 'GKS', 133, '2022-06-15', '2024-06-15', 3),
(126, 'GKS', 134, '2023-06-15', '2025-06-15', 3),
(127, 'GKS', 135, '2022-06-15', '2024-06-15', 3),
(128, 'GKS', 136, '2023-06-15', '2025-06-15', 3),
(129, 'GKS', 137, '2022-06-15', '2024-06-15', 3),
(130, 'GKS', 138, '2023-06-15', '2025-06-15', 3),
(131, 'GKS', 139, '2022-06-15', '2024-06-15', 3),
(132, 'GKS', 140, '2023-06-15', '2025-06-15', 4),
(133, 'GKS', 141, '2022-06-15', '2024-06-15', 4),
(134, 'GKS', 142, '2023-06-15', '2025-06-15', 4),
(135, 'GKS', 143, '2022-06-15', '2024-06-15', 4),
(136, 'GKS', 144, '2023-06-15', '2025-06-15', 4),
(137, 'GKS', 145, '2022-06-15', '2024-06-15', 4),
(138, 'JAG', 146, '2023-06-15', '2025-06-15', 3),
(139, 'JAG', 147, '2022-06-15', '2024-06-15', 3),
(140, 'JAG', 148, '2023-06-15', '2025-06-15', 3),
(141, 'JAG', 149, '2022-06-15', '2024-06-15', 3),
(142, 'JAG', 150, '2023-06-15', '2025-06-15', 3),
(143, 'JAG', 151, '2022-06-15', '2024-06-15', 3),
(144, 'JAG', 152, '2023-06-15', '2025-06-15', 3),
(145, 'JAG', 153, '2022-06-15', '2024-06-15', 3),
(146, 'JAG', 154, '2023-06-15', '2025-06-15', 3),
(147, 'JAG', 155, '2022-06-15', '2024-06-15', 3),
(148, 'JAG', 156, '2023-06-15', '2025-06-15', 3),
(149, 'JAG', 157, '2022-06-15', '2024-06-15', 3),
(150, 'JAG', 158, '2023-06-15', '2025-06-15', 3),
(151, 'JAG', 159, '2022-06-15', '2024-06-15', 3),
(152, 'JAG', 160, '2023-06-15', '2025-06-15', 3),
(153, 'JAG', 161, '2022-06-15', '2024-06-15', 3),
(154, 'JAG', 162, '2023-06-15', '2025-06-15', 3),
(155, 'JAG', 163, '2022-06-15', '2024-06-15', 3),
(156, 'JAG', 164, '2023-06-15', '2025-06-15', 3),
(157, 'JAG', 165, '2022-06-15', '2024-06-15', 4),
(158, 'JAG', 166, '2023-06-15', '2025-06-15', 4),
(159, 'JAG', 167, '2022-06-15', '2024-06-15', 4),
(160, 'JAG', 168, '2023-06-15', '2025-06-15', 4),
(161, 'JAG', 169, '2022-06-15', '2024-06-15', 4),
(162, 'JAG', 170, '2023-06-15', '2025-06-15', 4),
(163, 'LEC', 171, '2022-06-15', '2024-06-15', 3),
(164, 'LEC', 172, '2023-06-15', '2025-06-15', 3),
(165, 'LEC', 173, '2022-06-15', '2024-06-15', 3),
(166, 'LEC', 174, '2023-06-15', '2025-06-15', 3),
(167, 'LEC', 175, '2022-06-15', '2024-06-15', 3),
(168, 'LEC', 176, '2023-06-15', '2025-06-15', 3),
(169, 'LEC', 177, '2022-06-15', '2024-06-15', 3),
(170, 'LEC', 178, '2023-06-15', '2025-06-15', 3),
(171, 'LEC', 179, '2022-06-15', '2024-06-15', 3),
(172, 'LEC', 180, '2023-06-15', '2025-06-15', 3),
(173, 'LEC', 181, '2022-06-15', '2024-06-15', 3),
(174, 'LEC', 182, '2023-06-15', '2025-06-15', 3),
(175, 'LEC', 183, '2022-06-15', '2024-06-15', 3),
(176, 'LEC', 184, '2023-06-15', '2025-06-15', 3),
(177, 'LEC', 185, '2022-06-15', '2024-06-15', 3),
(178, 'LEC', 186, '2023-06-15', '2025-06-15', 3),
(179, 'LEC', 187, '2022-06-15', '2024-06-15', 3),
(180, 'LEC', 188, '2023-06-15', '2025-06-15', 3),
(181, 'LEC', 189, '2022-06-15', '2024-06-15', 3),
(182, 'LEC', 190, '2023-06-15', '2025-06-15', 4),
(183, 'LEC', 191, '2022-06-15', '2024-06-15', 4),
(184, 'LEC', 192, '2023-06-15', '2025-06-15', 4),
(185, 'LEC', 193, '2022-06-15', '2024-06-15', 4),
(186, 'LEC', 194, '2023-06-15', '2025-06-15', 4),
(187, 'LEC', 195, '2022-06-15', '2024-06-15', 4),
(188, 'LEG', 196, '2023-06-15', '2025-06-15', 3),
(189, 'LEG', 197, '2022-06-15', '2024-06-15', 3),
(190, 'LEG', 198, '2023-06-15', '2025-06-15', 3),
(191, 'LEG', 199, '2022-06-15', '2024-06-15', 3),
(192, 'LEG', 200, '2023-06-15', '2025-06-15', 3),
(193, 'LEG', 201, '2022-06-15', '2024-06-15', 3),
(194, 'LEG', 202, '2023-06-15', '2025-06-15', 3),
(195, 'LEG', 203, '2022-06-15', '2024-06-15', 3),
(196, 'LEG', 204, '2023-06-15', '2025-06-15', 3),
(197, 'LEG', 205, '2022-06-15', '2024-06-15', 3),
(198, 'LEG', 206, '2023-06-15', '2025-06-15', 3),
(199, 'LEG', 207, '2022-06-15', '2024-06-15', 3),
(200, 'LEG', 208, '2023-06-15', '2025-06-15', 3),
(201, 'LEG', 209, '2022-06-15', '2024-06-15', 3),
(202, 'LEG', 210, '2023-06-15', '2025-06-15', 3),
(203, 'LEG', 211, '2022-06-15', '2024-06-15', 3),
(204, 'LEG', 212, '2023-06-15', '2025-06-15', 3),
(205, 'LEG', 213, '2022-06-15', '2024-06-15', 3),
(206, 'LEG', 214, '2023-06-15', '2025-06-15', 3),
(207, 'LEG', 215, '2022-06-15', '2024-06-15', 4),
(208, 'LEG', 216, '2023-06-15', '2025-06-15', 4),
(209, 'LEG', 217, '2022-06-15', '2024-06-15', 4),
(210, 'LEG', 218, '2023-06-15', '2025-06-15', 4),
(211, 'LEG', 219, '2022-06-15', '2024-06-15', 4),
(212, 'LEG', 220, '2023-06-15', '2025-06-15', 4),
(213, 'LPO', 221, '2022-06-15', '2024-06-15', 3),
(214, 'LPO', 222, '2023-06-15', '2025-06-15', 3),
(215, 'LPO', 223, '2022-06-15', '2024-06-15', 3),
(216, 'LPO', 224, '2023-06-15', '2025-06-15', 3),
(217, 'LPO', 225, '2022-06-15', '2024-06-15', 3),
(218, 'LPO', 226, '2023-06-15', '2025-06-15', 3),
(219, 'LPO', 227, '2022-06-15', '2024-06-15', 3),
(220, 'LPO', 228, '2023-06-15', '2025-06-15', 3),
(221, 'LPO', 229, '2022-06-15', '2024-06-15', 3),
(222, 'LPO', 230, '2023-06-15', '2025-06-15', 3),
(223, 'LPO', 231, '2022-06-15', '2024-06-15', 3),
(224, 'LPO', 232, '2023-06-15', '2025-06-15', 3),
(225, 'LPO', 233, '2022-06-15', '2024-06-15', 3),
(226, 'LPO', 234, '2023-06-15', '2025-06-15', 3),
(227, 'LPO', 235, '2022-06-15', '2024-06-15', 3),
(228, 'LPO', 236, '2023-06-15', '2025-06-15', 3),
(229, 'LPO', 237, '2022-06-15', '2024-06-15', 3),
(230, 'LPO', 238, '2023-06-15', '2025-06-15', 3),
(231, 'LPO', 239, '2022-06-15', '2024-06-15', 3),
(232, 'LPO', 240, '2023-06-15', '2025-06-15', 4),
(233, 'LPO', 241, '2022-06-15', '2024-06-15', 4),
(234, 'LPO', 242, '2023-06-15', '2025-06-15', 4),
(235, 'LPO', 243, '2022-06-15', '2024-06-15', 4),
(236, 'LPO', 244, '2023-06-15', '2025-06-15', 4),
(237, 'LPO', 245, '2022-06-15', '2024-06-15', 4),
(238, 'MIE', 246, '2023-06-15', '2025-06-15', 3),
(239, 'MIE', 247, '2022-06-15', '2024-06-15', 3),
(240, 'MIE', 248, '2023-06-15', '2025-06-15', 3),
(241, 'MIE', 249, '2022-06-15', '2024-06-15', 3),
(242, 'MIE', 250, '2023-06-15', '2025-06-15', 3),
(243, 'MIE', 251, '2022-06-15', '2024-06-15', 3),
(244, 'MIE', 252, '2023-06-15', '2025-06-15', 3),
(245, 'MIE', 253, '2022-06-15', '2024-06-15', 3),
(246, 'MIE', 254, '2023-06-15', '2025-06-15', 3),
(247, 'MIE', 255, '2022-06-15', '2024-06-15', 3),
(248, 'MIE', 256, '2023-06-15', '2025-06-15', 3),
(249, 'MIE', 257, '2022-06-15', '2024-06-15', 3),
(250, 'MIE', 258, '2023-06-15', '2025-06-15', 3),
(251, 'MIE', 259, '2022-06-15', '2024-06-15', 3),
(252, 'MIE', 260, '2023-06-15', '2025-06-15', 3),
(253, 'MIE', 261, '2022-06-15', '2024-06-15', 3),
(254, 'MIE', 262, '2023-06-15', '2025-06-15', 3),
(255, 'MIE', 263, '2022-06-15', '2024-06-15', 3),
(256, 'MIE', 264, '2023-06-15', '2025-06-15', 3),
(257, 'MIE', 265, '2022-06-15', '2024-06-15', 4),
(258, 'MIE', 266, '2023-06-15', '2025-06-15', 4),
(259, 'MIE', 267, '2022-06-15', '2024-06-15', 4),
(260, 'MIE', 268, '2023-06-15', '2025-06-15', 4),
(261, 'MIE', 269, '2022-06-15', '2024-06-15', 4),
(262, 'MIE', 270, '2023-06-15', '2025-06-15', 4),
(263, 'PAK', 271, '2022-06-15', '2024-06-15', 3),
(264, 'PAK', 272, '2023-06-15', '2025-06-15', 3),
(265, 'PAK', 273, '2022-06-15', '2024-06-15', 3),
(266, 'PAK', 274, '2023-06-15', '2025-06-15', 3),
(267, 'PAK', 275, '2022-06-15', '2024-06-15', 3),
(268, 'PAK', 276, '2023-06-15', '2025-06-15', 3),
(269, 'PAK', 277, '2022-06-15', '2024-06-15', 3),
(270, 'PAK', 278, '2023-06-15', '2025-06-15', 3),
(271, 'PAK', 279, '2022-06-15', '2024-06-15', 3),
(272, 'PAK', 280, '2023-06-15', '2025-06-15', 3),
(273, 'PAK', 281, '2022-06-15', '2024-06-15', 3),
(274, 'PAK', 282, '2023-06-15', '2025-06-15', 3),
(275, 'PAK', 283, '2022-06-15', '2024-06-15', 3),
(276, 'PAK', 284, '2023-06-15', '2025-06-15', 3),
(277, 'PAK', 285, '2022-06-15', '2024-06-15', 3),
(278, 'PAK', 286, '2023-06-15', '2025-06-15', 3),
(279, 'PAK', 287, '2022-06-15', '2024-06-15', 3),
(280, 'PAK', 288, '2023-06-15', '2025-06-15', 3),
(281, 'PAK', 289, '2022-06-15', '2024-06-15', 3),
(282, 'PAK', 290, '2023-06-15', '2025-06-15', 4),
(283, 'PAK', 291, '2022-06-15', '2024-06-15', 4),
(284, 'PAK', 292, '2023-06-15', '2025-06-15', 4),
(285, 'PAK', 293, '2022-06-15', '2024-06-15', 4),
(286, 'PAK', 294, '2023-06-15', '2025-06-15', 4),
(287, 'PAK', 295, '2022-06-15', '2024-06-15', 4),
(288, 'PZN', 296, '2023-06-15', '2025-06-15', 3),
(289, 'PZN', 297, '2022-06-15', '2024-06-15', 3),
(290, 'PZN', 298, '2023-06-15', '2025-06-15', 3),
(291, 'PZN', 299, '2022-06-15', '2024-06-15', 3),
(292, 'PZN', 300, '2023-06-15', '2025-06-15', 3),
(293, 'PZN', 301, '2022-06-15', '2024-06-15', 3),
(294, 'PZN', 302, '2023-06-15', '2025-06-15', 3),
(295, 'PZN', 303, '2022-06-15', '2024-06-15', 3),
(296, 'PZN', 304, '2023-06-15', '2025-06-15', 3),
(297, 'PZN', 305, '2022-06-15', '2024-06-15', 3),
(298, 'PZN', 306, '2023-06-15', '2025-06-15', 3),
(299, 'PZN', 307, '2022-06-15', '2024-06-15', 3),
(300, 'PZN', 308, '2023-06-15', '2025-06-15', 3),
(301, 'PZN', 309, '2022-06-15', '2024-06-15', 3),
(302, 'PZN', 310, '2023-06-15', '2025-06-15', 3),
(303, 'PZN', 311, '2022-06-15', '2024-06-15', 3),
(304, 'PZN', 312, '2023-06-15', '2025-06-15', 3),
(305, 'PZN', 313, '2022-06-15', '2024-06-15', 3),
(306, 'PZN', 314, '2023-06-15', '2025-06-15', 3),
(307, 'PZN', 315, '2022-06-15', '2024-06-15', 4),
(308, 'PZN', 316, '2023-06-15', '2025-06-15', 4),
(309, 'PZN', 317, '2022-06-15', '2024-06-15', 4),
(310, 'PZN', 318, '2023-06-15', '2025-06-15', 4),
(311, 'PZN', 319, '2022-06-15', '2024-06-15', 4),
(312, 'PZN', 320, '2023-06-15', '2025-06-15', 4),
(313, 'RKP', 321, '2022-06-15', '2024-06-15', 3),
(314, 'RKP', 322, '2023-06-15', '2025-06-15', 3),
(315, 'RKP', 323, '2022-06-15', '2024-06-15', 3),
(316, 'RKP', 324, '2023-06-15', '2025-06-15', 3),
(317, 'RKP', 325, '2022-06-15', '2024-06-15', 3),
(318, 'RKP', 326, '2023-06-15', '2025-06-15', 3),
(319, 'RKP', 327, '2022-06-15', '2024-06-15', 3),
(320, 'RKP', 328, '2023-06-15', '2025-06-15', 3),
(321, 'RKP', 329, '2022-06-15', '2024-06-15', 3),
(322, 'RKP', 330, '2023-06-15', '2025-06-15', 3),
(323, 'RKP', 331, '2022-06-15', '2024-06-15', 3),
(324, 'RKP', 332, '2023-06-15', '2025-06-15', 3),
(325, 'RKP', 333, '2022-06-15', '2024-06-15', 3),
(326, 'RKP', 334, '2023-06-15', '2025-06-15', 3),
(327, 'RKP', 335, '2022-06-15', '2024-06-15', 3),
(328, 'RKP', 336, '2023-06-15', '2025-06-15', 3),
(329, 'RKP', 337, '2022-06-15', '2024-06-15', 3),
(330, 'RKP', 338, '2023-06-15', '2025-06-15', 3),
(331, 'RKP', 339, '2022-06-15', '2024-06-15', 3),
(332, 'RKP', 340, '2023-06-15', '2025-06-15', 4),
(333, 'RKP', 341, '2022-06-15', '2024-06-15', 4),
(334, 'RKP', 342, '2023-06-15', '2025-06-15', 4),
(335, 'RKP', 343, '2022-06-15', '2024-06-15', 4),
(336, 'RKP', 344, '2023-06-15', '2025-06-15', 4),
(337, 'RKP', 345, '2022-06-15', '2024-06-15', 4),
(338, 'SLZ', 346, '2023-06-15', '2025-06-15', 3),
(339, 'SLZ', 347, '2022-06-15', '2024-06-15', 3),
(340, 'SLZ', 348, '2023-06-15', '2025-06-15', 3),
(341, 'SLZ', 349, '2022-06-15', '2024-06-15', 3),
(342, 'SLZ', 350, '2023-06-15', '2025-06-15', 3),
(343, 'SLZ', 351, '2022-06-15', '2024-06-15', 3),
(344, 'SLZ', 352, '2023-06-15', '2025-06-15', 3),
(345, 'SLZ', 353, '2022-06-15', '2024-06-15', 3),
(346, 'SLZ', 354, '2023-06-15', '2025-06-15', 3),
(347, 'SLZ', 355, '2022-06-15', '2024-06-15', 3),
(348, 'SLZ', 356, '2023-06-15', '2025-06-15', 3),
(349, 'SLZ', 357, '2022-06-15', '2024-06-15', 3),
(350, 'SLZ', 358, '2023-06-15', '2025-06-15', 3),
(351, 'SLZ', 359, '2022-06-15', '2024-06-15', 3),
(352, 'SLZ', 360, '2023-06-15', '2025-06-15', 3),
(353, 'SLZ', 361, '2022-06-15', '2024-06-15', 3),
(354, 'SLZ', 362, '2023-06-15', '2025-06-15', 3),
(355, 'SLZ', 363, '2022-06-15', '2024-06-15', 3),
(356, 'SLZ', 364, '2023-06-15', '2025-06-15', 3),
(357, 'SLZ', 365, '2022-06-15', '2024-06-15', 4),
(358, 'SLZ', 366, '2023-06-15', '2025-06-15', 4),
(359, 'SLZ', 367, '2022-06-15', '2024-06-15', 4),
(360, 'SLZ', 368, '2023-06-15', '2025-06-15', 4),
(361, 'SLZ', 369, '2022-06-15', '2024-06-15', 4),
(362, 'SLZ', 370, '2023-06-15', '2025-06-15', 4),
(363, 'GZB', 371, '2022-06-15', '2024-06-15', 3),
(364, 'GZB', 372, '2023-06-15', '2025-06-15', 3),
(365, 'GZB', 373, '2022-06-15', '2024-06-15', 3),
(366, 'GZB', 374, '2023-06-15', '2025-06-15', 3),
(367, 'GZB', 375, '2022-06-15', '2024-06-15', 3),
(368, 'GZB', 376, '2023-06-15', '2025-06-15', 3),
(369, 'GZB', 377, '2022-06-15', '2024-06-15', 3),
(370, 'GZB', 378, '2023-06-15', '2025-06-15', 3),
(371, 'GZB', 379, '2022-06-15', '2024-06-15', 3),
(372, 'GZB', 380, '2023-06-15', '2025-06-15', 3),
(373, 'GZB', 381, '2022-06-15', '2024-06-15', 3),
(374, 'GZB', 382, '2023-06-15', '2025-06-15', 3),
(375, 'GZB', 383, '2022-06-15', '2024-06-15', 3),
(376, 'GZB', 384, '2023-06-15', '2025-06-15', 3),
(377, 'GZB', 385, '2022-06-15', '2024-06-15', 3),
(378, 'GZB', 386, '2023-06-15', '2025-06-15', 3),
(379, 'GZB', 387, '2022-06-15', '2024-06-15', 3),
(380, 'GZB', 388, '2023-06-15', '2025-06-15', 3),
(381, 'GZB', 389, '2022-06-15', '2024-06-15', 3),
(382, 'GZB', 390, '2023-06-15', '2025-06-15', 4),
(383, 'GZB', 391, '2022-06-15', '2024-06-15', 4),
(384, 'GZB', 392, '2023-06-15', '2025-06-15', 4),
(385, 'GZB', 393, '2022-06-15', '2024-06-15', 4),
(386, 'GZB', 394, '2023-06-15', '2025-06-15', 4),
(387, 'GZB', 395, '2022-06-15', '2024-06-15', 4),
(388, 'SLP', 396, '2023-06-15', '2025-06-15', 3),
(389, 'SLP', 397, '2022-06-15', '2024-06-15', 3),
(390, 'SLP', 398, '2023-06-15', '2025-06-15', 3),
(391, 'SLP', 399, '2022-06-15', '2024-06-15', 3),
(392, 'SLP', 400, '2023-06-15', '2025-06-15', 3),
(393, 'SLP', 401, '2022-06-15', '2024-06-15', 3),
(394, 'SLP', 402, '2023-06-15', '2025-06-15', 3),
(395, 'SLP', 403, '2022-06-15', '2024-06-15', 3),
(396, 'SLP', 404, '2023-06-15', '2025-06-15', 3),
(397, 'SLP', 405, '2022-06-15', '2024-06-15', 3),
(398, 'SLP', 406, '2023-06-15', '2025-06-15', 3),
(399, 'SLP', 407, '2022-06-15', '2024-06-15', 3),
(400, 'SLP', 408, '2023-06-15', '2025-06-15', 3),
(401, 'SLP', 409, '2022-06-15', '2024-06-15', 3),
(402, 'SLP', 410, '2023-06-15', '2025-06-15', 3),
(403, 'SLP', 411, '2022-06-15', '2024-06-15', 3),
(404, 'SLP', 412, '2023-06-15', '2025-06-15', 3),
(405, 'SLP', 413, '2022-06-15', '2024-06-15', 3),
(406, 'SLP', 414, '2023-06-15', '2025-06-15', 3),
(407, 'SLP', 415, '2022-06-15', '2024-06-15', 4),
(408, 'SLP', 416, '2023-06-15', '2025-06-15', 4),
(409, 'SLP', 417, '2022-06-15', '2024-06-15', 4),
(410, 'SLP', 418, '2023-06-15', '2025-06-15', 4),
(411, 'SLP', 419, '2022-06-15', '2024-06-15', 4),
(412, 'SLP', 420, '2023-06-15', '2025-06-15', 4),
(413, 'WDZ', 421, '2022-06-15', '2024-06-15', 3),
(414, 'WDZ', 422, '2023-06-15', '2025-06-15', 3),
(415, 'WDZ', 423, '2022-06-15', '2024-06-15', 3),
(416, 'WDZ', 424, '2023-06-15', '2025-06-15', 3),
(417, 'WDZ', 425, '2022-06-15', '2024-06-15', 3),
(418, 'WDZ', 426, '2023-06-15', '2025-06-15', 3),
(419, 'WDZ', 427, '2022-06-15', '2024-06-15', 3),
(420, 'WDZ', 428, '2023-06-15', '2025-06-15', 3),
(421, 'WDZ', 429, '2022-06-15', '2024-06-15', 3),
(422, 'WDZ', 430, '2023-06-15', '2025-06-15', 3),
(423, 'WDZ', 431, '2022-06-15', '2024-06-15', 3),
(424, 'WDZ', 432, '2023-06-15', '2025-06-15', 3),
(425, 'WDZ', 433, '2022-06-15', '2024-06-15', 3),
(426, 'WDZ', 434, '2023-06-15', '2025-06-15', 3),
(427, 'WDZ', 435, '2022-06-15', '2024-06-15', 3),
(428, 'WDZ', 436, '2023-06-15', '2025-06-15', 3),
(429, 'WDZ', 437, '2022-06-15', '2024-06-15', 3),
(430, 'WDZ', 438, '2023-06-15', '2025-06-15', 3),
(431, 'WDZ', 439, '2022-06-15', '2024-06-15', 3),
(432, 'WDZ', 440, '2023-06-15', '2025-06-15', 4),
(433, 'WDZ', 441, '2022-06-15', '2024-06-15', 4),
(434, 'WDZ', 442, '2023-06-15', '2025-06-15', 4),
(435, 'WDZ', 443, '2022-06-15', '2024-06-15', 4),
(436, 'WDZ', 444, '2023-06-15', '2025-06-15', 4),
(437, 'WDZ', 445, '2022-06-15', '2024-06-15', 4),
(438, 'WLO', 446, '2023-06-15', '2025-06-15', 3),
(439, 'WLO', 447, '2022-06-15', '2024-06-15', 3),
(440, 'WLO', 448, '2023-06-15', '2025-06-15', 3),
(441, 'WLO', 449, '2022-06-15', '2024-06-15', 3),
(442, 'WLO', 450, '2023-06-15', '2025-06-15', 3),
(443, 'WLO', 451, '2022-06-15', '2024-06-15', 3),
(444, 'WLO', 452, '2023-06-15', '2025-06-15', 3),
(445, 'WLO', 453, '2022-06-15', '2024-06-15', 3),
(446, 'WLO', 454, '2023-06-15', '2025-06-15', 3),
(447, 'WLO', 455, '2022-06-15', '2024-06-15', 3),
(448, 'WLO', 456, '2023-06-15', '2025-06-15', 3),
(449, 'WLO', 457, '2022-06-15', '2024-06-15', 3),
(450, 'WLO', 458, '2023-06-15', '2025-06-15', 3),
(451, 'WLO', 459, '2022-06-15', '2024-06-15', 3),
(452, 'WLO', 460, '2023-06-15', '2025-06-15', 3),
(453, 'WLO', 461, '2022-06-15', '2024-06-15', 3),
(454, 'WLO', 462, '2023-06-15', '2025-06-15', 3),
(455, 'WLO', 463, '2022-06-15', '2024-06-15', 3),
(456, 'WLO', 464, '2023-06-15', '2025-06-15', 3),
(457, 'WLO', 465, '2022-06-15', '2024-06-15', 4),
(458, 'WLO', 466, '2023-06-15', '2025-06-15', 4),
(459, 'WLO', 467, '2022-06-15', '2024-06-15', 4),
(460, 'WLO', 468, '2023-06-15', '2025-06-15', 4),
(461, 'WLO', 469, '2022-06-15', '2024-06-15', 4),
(462, 'WLO', 470, '2023-06-15', '2025-06-15', 4),
(463, 'WRK', 471, '2022-06-15', '2024-06-15', 3),
(464, 'WRK', 472, '2023-06-15', '2025-06-15', 3),
(465, 'WRK', 473, '2022-06-15', '2024-06-15', 3),
(466, 'WRK', 474, '2023-06-15', '2025-06-15', 3),
(467, 'WRK', 475, '2022-06-15', '2024-06-15', 3),
(468, 'WRK', 476, '2023-06-15', '2025-06-15', 3),
(469, 'WRK', 477, '2022-06-15', '2024-06-15', 3),
(470, 'WRK', 478, '2023-06-15', '2025-06-15', 3),
(471, 'WRK', 479, '2022-06-15', '2024-06-15', 3),
(472, 'WRK', 480, '2023-06-15', '2025-06-15', 3),
(473, 'WRK', 481, '2022-06-15', '2024-06-15', 3),
(474, 'WRK', 482, '2023-06-15', '2025-06-15', 3),
(475, 'WRK', 483, '2022-06-15', '2024-06-15', 3),
(476, 'WRK', 484, '2023-06-15', '2025-06-15', 3),
(477, 'WRK', 485, '2022-06-15', '2024-06-15', 3),
(478, 'WRK', 486, '2023-06-15', '2025-06-15', 3),
(479, 'WRK', 487, '2022-06-15', '2024-06-15', 3),
(480, 'WRK', 488, '2023-06-15', '2025-06-15', 3),
(481, 'WRK', 489, '2022-06-15', '2024-06-15', 3),
(482, 'WRK', 490, '2023-06-15', '2025-06-15', 4),
(483, 'WRK', 491, '2022-06-15', '2024-06-15', 4),
(484, 'WRK', 492, '2023-06-15', '2025-06-15', 4),
(485, 'WRK', 493, '2022-06-15', '2024-06-15', 4),
(486, 'WRK', 494, '2023-06-15', '2025-06-15', 4),
(487, 'WRK', 495, '2022-06-15', '2024-06-15', 4),
(499, 'ARK', 8, '2023-06-15', '2025-06-15', 1);

-- --------------------------------------------------------

--
-- Struktura tabeli dla tabeli `t_kraje`
--

CREATE TABLE `t_kraje` (
  `id_kraj` varchar(255) NOT NULL,
  `nazwa_kraju` varchar(255) DEFAULT NULL
) ENGINE=InnoDB DEFAULT CHARSET=utf8mb4 COLLATE=utf8mb4_0900_ai_ci;

--
-- Zrzut danych tabeli `t_kraje`
--

INSERT INTO `t_kraje` (`id_kraj`, `nazwa_kraju`) VALUES
('arg', 'Argentyna'),
('aus', 'Australia'),
('aut', 'Austria'),
('bel', 'Belgia'),
('bgd', 'Bangladesz'),
('bra', 'Brazylia'),
('can', 'Kanada'),
('chn', 'Chiny'),
('col', 'Kolumbia'),
('cze', 'Czechy'),
('den', 'Dania'),
('egy', 'Egipt'),
('esp', 'Hiszpania'),
('est', 'Estonia'),
('fin', 'Finlandia'),
('fra', 'Francja'),
('ger', 'Niemcy'),
('gre', 'Grecja'),
('hrv', 'Chorwacja'),
('hun', 'Węgry'),
('idn', 'Indonezja'),
('ind', 'Indie'),
('irl', 'Irlandia'),
('irq', 'Irak'),
('ita', 'Włochy'),
('jpn', 'Japonia'),
('kor', 'Korea Południowa'),
('ltu', 'Litwa'),
('lva', 'Łotwa'),
('mex', 'Meksyk'),
('mlt', 'Malta'),
('ned', 'Holandia'),
('nor', 'Norwegia'),
('nzl', 'Nowa Zelandia'),
('pak', 'Pakistan'),
('per', 'Peru'),
('phl', 'Filipiny'),
('pol', 'Polska'),
('por', 'Portugalia'),
('rus', 'Rosja'),
('sau', 'Arabia Saudyjska'),
('sgp', 'Singapur'),
('sui', 'Szwajcaria'),
('svk', 'Słowacja'),
('swe', 'Szwecja'),
('tha', 'Tajlandia'),
('tur', 'Turcja'),
('uk', 'Wielka Brytania'),
('ukr', 'Ukraina'),
('usa', 'Stany Zjednoczone'),
('zaf', 'Republika Południowej Afryki');

-- --------------------------------------------------------

--
-- Struktura tabeli dla tabeli `t_ligi`
--

CREATE TABLE `t_ligi` (
  `id_liga` varchar(255) NOT NULL,
  `nazwa_ligi` varchar(255) DEFAULT NULL,
  `rok_zalozenia` int DEFAULT NULL,
  `fk_id_kraj` varchar(255) DEFAULT NULL
) ENGINE=InnoDB DEFAULT CHARSET=utf8mb4 COLLATE=utf8mb4_0900_ai_ci;

--
-- Zrzut danych tabeli `t_ligi`
--

INSERT INTO `t_ligi` (`id_liga`, `nazwa_ligi`, `rok_zalozenia`, `fk_id_kraj`) VALUES
('1pol', 'Fortuna 1 Liga', 1906, 'pol'),
('eks', 'Ekstraklasa', 1905, 'pol');

-- --------------------------------------------------------

--
-- Struktura tabeli dla tabeli `t_mecze`
--

CREATE TABLE `t_mecze` (
  `id_mecz` int NOT NULL,
  `fk_id_gospodarz` varchar(255) DEFAULT NULL,
  `fk_id_gosc` varchar(255) DEFAULT NULL,
  `fk_id_sklad_gospodarz` int DEFAULT NULL,
  `fk_id_sklad_gosc` int DEFAULT NULL,
  `stadion` varchar(255) DEFAULT NULL,
  `frekwencja` int DEFAULT NULL,
  `czas_rozpoczecia` datetime DEFAULT NULL,
  `fk_id_kolejka` varchar(255) DEFAULT NULL,
  `kurs_gosp` double DEFAULT NULL,
  `kurs_gosc` double DEFAULT NULL,
  `doliczony_czas_1P` int DEFAULT NULL,
  `doliczony_czas_2P` int DEFAULT NULL,
  `fk_id_sedzia` int DEFAULT NULL
) ENGINE=InnoDB DEFAULT CHARSET=utf8mb4 COLLATE=utf8mb4_0900_ai_ci;

--
-- Zrzut danych tabeli `t_mecze`
--

INSERT INTO `t_mecze` (`id_mecz`, `fk_id_gospodarz`, `fk_id_gosc`, `fk_id_sklad_gospodarz`, `fk_id_sklad_gosc`, `stadion`, `frekwencja`, `czas_rozpoczecia`, `fk_id_kolejka`, `kurs_gosp`, `kurs_gosc`, `doliczony_czas_1P`, `doliczony_czas_2P`, `fk_id_sedzia`) VALUES
(1, 'WRK', 'ARK', 18, 1, 'wrk-stadion', 2457, '2023-08-18 18:00:00', 'eks2023/2024k1', 1.6, 2.2, 2, 3, 1),
(2, 'WLO', 'CHO', 17, 2, 'wlo-stadion', 1809, '2023-08-19 16:45:00', 'eks2023/2024k1', 2.1, 1.8, 1, 2, 2),
(3, 'WDZ', 'CRZ', 16, 3, 'wdz-stadion', 2125, '2023-08-20 15:15:00', 'eks2023/2024k1', 1.7, 2, 3, 1, 3),
(4, 'SLP', 'GKS', 15, 4, 'slp-stadion', 2296, '2023-08-18 17:30:00', 'eks2023/2024k1', 1.9, 2.3, 2, 2, 4),
(5, 'GZB', 'JAG', 14, 5, 'gzb-stadion', 1316, '2023-08-19 19:00:00', 'eks2023/2024k1', 2, 1.7, 1, 3, 5),
(6, 'SLZ', 'LEC', 13, 6, 'slz-stadion', 4139, '2023-08-20 20:15:00', 'eks2023/2024k1', 1.8, 2.1, 3, 2, 6),
(7, 'RKP', 'LEG', 12, 7, 'rkp-stadion', 5778, '2023-08-18 16:15:00', 'eks2023/2024k1', 2.2, 1.9, 2, 1, 7),
(8, 'PZN', 'LPO', 11, 8, 'pzn-stadion', 1559, '2023-08-19 14:30:00', 'eks2023/2024k1', 2.4, 1.6, 1, 3, 1),
(9, 'PAK', 'MIE', 10, 9, 'pak-stadion', 1881, '2023-08-20 17:45:00', 'eks2023/2024k1', 2.6, 2.2, 3, 2, 2),
(10, 'ARK', 'WLO', 1, 17, 'ark-stadion', 2457, '2023-08-25 18:00:00', 'eks2023/2024k2', 1.6, 2.2, 2, 3, 2),
(11, 'WRK', 'WDZ', 18, 16, 'wrk-stadion', 1809, '2023-08-26 16:45:00', 'eks2023/2024k2', 2.1, 1.8, 1, 2, 3),
(12, 'CHO', 'SLP', 17, 15, 'cho-stadion', 2125, '2023-08-27 15:15:00', 'eks2023/2024k2', 1.7, 2, 3, 1, 4),
(13, 'CRZ', 'GZB', 16, 14, 'crz-stadion', 2296, '2023-08-25 17:30:00', 'eks2023/2024k2', 1.9, 2.3, 2, 2, 5),
(14, 'GKS', 'SLZ', 15, 13, 'gks-stadion', 1316, '2023-08-26 19:00:00', 'eks2023/2024k2', 2, 1.7, 1, 3, 6),
(15, 'JAG', 'RKP', 14, 12, 'jag-stadion', 4139, '2023-08-27 20:15:00', 'eks2023/2024k2', 1.8, 2.1, 3, 2, 7),
(16, 'LEC', 'PZN', 13, 11, 'lec-stadion', 5778, '2023-08-25 16:15:00', 'eks2023/2024k2', 2.2, 1.9, 2, 1, 1),
(17, 'LEG', 'PAK', 12, 10, 'leg-stadion', 1559, '2023-08-26 14:30:00', 'eks2023/2024k2', 2.4, 1.6, 1, 3, 2),
(18, 'LPO', 'MIE', 11, 9, 'lpo-stadion', 1881, '2023-08-27 17:45:00', 'eks2023/2024k2', 2.6, 2.2, 3, 2, 3),
(19, 'WDZ', 'ARK', 16, 1, 'wdz-stadion', 2457, '2023-09-01 18:30:00', 'eks2023/2024k3', 1.6, 2.2, 3, 1, 3),
(20, 'SLP', 'WLO', 15, 17, 'slp-stadion', 1809, '2023-09-02 16:45:00', 'eks2023/2024k3', 2.1, 1.8, 2, 2, 4),
(21, 'GZB', 'WRK', 14, 18, 'gzb-stadion', 2125, '2023-09-03 15:15:00', 'eks2023/2024k3', 1.7, 2, 1, 3, 5),
(22, 'SLZ', 'CHO', 13, 2, 'slz-stadion', 2296, '2023-09-01 17:30:00', 'eks2023/2024k3', 1.9, 2.3, 3, 2, 6),
(23, 'RKP', 'CRZ', 12, 3, 'rkp-stadion', 1316, '2023-09-02 19:00:00', 'eks2023/2024k3', 2, 1.7, 2, 1, 7),
(24, 'PZN', 'GKS', 11, 4, 'pzn-stadion', 4139, '2023-09-03 20:15:00', 'eks2023/2024k3', 1.8, 2.1, 1, 3, 1),
(25, 'PAK', 'JAG', 10, 5, 'pak-stadion', 5778, '2023-09-01 16:15:00', 'eks2023/2024k3', 2.2, 1.9, 3, 2, 2),
(26, 'MIE', 'LEC', 9, 6, 'mie-stadion', 1559, '2023-09-02 14:30:00', 'eks2023/2024k3', 2.4, 1.6, 2, 1, 3),
(27, 'LPO', 'LEG', 8, 7, 'lpo-stadion', 1881, '2023-09-03 17:45:00', 'eks2023/2024k3', 2.6, 2.2, 1, 3, 4),
(28, 'ARK', 'SLP', 1, 15, 'ark-stadion', 2600, '2023-09-15 18:30:00', 'eks2023/2024k4', 1.6, 2.2, 3, 1, 3),
(29, 'WDZ', 'GZB', 16, 14, 'wdz-stadion', 1809, '2023-09-16 16:45:00', 'eks2023/2024k4', 2.1, 1.8, 2, 2, 4),
(30, 'WLO', 'SLZ', 17, 13, 'wlo-stadion', 2125, '2023-09-17 15:15:00', 'eks2023/2024k4', 1.7, 2, 1, 3, 5),
(31, 'WRK', 'RKP', 9, 12, 'wrk-stadion', 2296, '2023-09-15 17:30:00', 'eks2023/2024k4', 1.9, 2.3, 3, 2, 6),
(32, 'CHO', 'PZN', 2, 11, 'cho-stadion', 1316, '2023-09-16 19:00:00', 'eks2023/2024k4', 2, 1.7, 2, 1, 7),
(33, 'CRZ', 'PAK', 3, 10, 'crz-stadion', 4139, '2023-09-17 20:15:00', 'eks2023/2024k4', 1.8, 2.1, 1, 3, 1),
(34, 'GKS', 'MIE', 4, 9, 'gks-stadion', 5778, '2023-09-15 16:15:00', 'eks2023/2024k4', 2.2, 1.9, 3, 2, 2),
(35, 'JAG', 'LPO', 5, 8, 'jag-stadion', 1559, '2023-09-16 14:30:00', 'eks2023/2024k4', 2.4, 1.6, 2, 1, 3),
(36, 'LEC', 'LEG', 6, 7, 'lec-stadion', 1881, '2023-09-17 17:45:00', 'eks2023/2024k4', 2.6, 2.2, 1, 3, 4),
(37, 'GZB', 'ARK', 14, 1, 'gzb-stadion', 2600, '2023-09-22 18:30:00', 'eks2023/2024k5', 1.6, 2.2, 3, 1, 3),
(38, 'SLZ', 'SLP', 13, 15, 'slz-stadion', 1950, '2023-09-23 16:45:00', 'eks2023/2024k5', 2.1, 1.8, 2, 2, 4),
(39, 'RKP', 'WDZ', 12, 16, 'rkp-stadion', 2300, '2023-09-24 15:15:00', 'eks2023/2024k5', 1.7, 2, 1, 3, 5),
(40, 'PZN', 'WLO', 11, 17, 'pzn-stadion', 2100, '2023-09-22 17:30:00', 'eks2023/2024k5', 1.9, 2.3, 3, 2, 6),
(41, 'PAK', 'WRK', 10, 9, 'pak-stadion', 1500, '2023-09-23 19:00:00', 'eks2023/2024k5', 2, 1.7, 2, 1, 7),
(42, 'MIE', 'CHO', 9, 2, 'mie-stadion', 1700, '2023-09-24 20:15:00', 'eks2023/2024k5', 1.8, 2.1, 1, 3, 1),
(43, 'LPO', 'CRZ', 8, 3, 'lpo-stadion', 2400, '2023-09-22 16:15:00', 'eks2023/2024k5', 2.2, 1.9, 3, 2, 2),
(44, 'LEG', 'GKS', 7, 4, 'leg-stadion', 1850, '2023-09-23 14:30:00', 'eks2023/2024k5', 2.4, 1.6, 2, 1, 3),
(45, 'LEC', 'JAG', 6, 5, 'lec-stadion', 2000, '2023-09-24 17:45:00', 'eks2023/2024k5', 2.6, 2.2, 1, 3, 4),
(46, 'ARK', 'SLZ', 1, 13, 'ark-stadion', 2457, '2023-09-29 18:30:00', 'eks2023/2024k6', 1.6, 2.2, 3, 1, 3),
(47, 'GZB', 'RKP', 14, 12, 'gzb-stadion', 1809, '2023-09-30 16:45:00', 'eks2023/2024k6', 2.1, 1.8, 2, 2, 4),
(48, 'SLP', 'PZN', 15, 11, 'slp-stadion', 2125, '2023-10-01 15:15:00', 'eks2023/2024k6', 1.7, 2, 1, 3, 5),
(49, 'WDZ', 'PAK', 16, 10, 'wdz-stadion', 2296, '2023-09-29 17:30:00', 'eks2023/2024k6', 1.9, 2.3, 3, 2, 6),
(50, 'WLO', 'MIE', 17, 9, 'wlo-stadion', 1316, '2023-09-30 19:00:00', 'eks2023/2024k6', 2, 1.7, 2, 1, 7),
(51, 'WRK', 'LPO', 18, 8, 'wrk-stadion', 4139, '2023-10-01 20:15:00', 'eks2023/2024k6', 1.8, 2.1, 1, 3, 1),
(52, 'CHO', 'LEG', 2, 7, 'cho-stadion', 5778, '2023-09-29 16:15:00', 'eks2023/2024k6', 2.2, 1.9, 3, 2, 2),
(53, 'CRZ', 'LEC', 3, 6, 'crz-stadion', 1559, '2023-09-30 14:30:00', 'eks2023/2024k6', 2.4, 1.6, 2, 1, 3),
(54, 'GKS', 'JAG', 4, 5, 'gks-stadion', 1881, '2023-10-01 17:45:00', 'eks2023/2024k6', 2.6, 2.2, 1, 3, 4),
(55, 'RKP', 'ARK', 12, 1, 'rkp-stadion', 2457, '2023-10-06 18:30:00', 'eks2023/2024k7', 1.6, 2.2, 2, 1, 1),
(56, 'PZN', 'SLZ', 11, 13, 'pzn-stadion', 1809, '2023-10-07 16:45:00', 'eks2023/2024k7', 2.1, 1.8, 3, 2, 2),
(57, 'PAK', 'GZB', 10, 14, 'pak-stadion', 2125, '2023-10-08 15:15:00', 'eks2023/2024k7', 1.7, 2, 1, 3, 3),
(58, 'MIE', 'SLP', 9, 15, 'mie-stadion', 2296, '2023-10-06 17:30:00', 'eks2023/2024k7', 1.9, 2.3, 3, 1, 4),
(59, 'LPO', 'WDZ', 8, 16, 'lpo-stadion', 1316, '2023-10-07 19:00:00', 'eks2023/2024k7', 2, 1.7, 2, 3, 5),
(60, 'LEG', 'WLO', 7, 17, 'leg-stadion', 4139, '2023-10-08 20:15:00', 'eks2023/2024k7', 1.8, 2.1, 3, 2, 6),
(61, 'LEC', 'WRK', 6, 18, 'lec-stadion', 5778, '2023-10-06 16:15:00', 'eks2023/2024k7', 2.2, 1.9, 1, 3, 7),
(62, 'JAG', 'CHO', 5, 2, 'jag-stadion', 1559, '2023-10-07 14:30:00', 'eks2023/2024k7', 2.4, 1.6, 5, 1, 1),
(63, 'GKS', 'CRZ', 4, 3, 'gks-stadion', 1881, '2023-10-08 17:45:00', 'eks2023/2024k7', 2.6, 2.2, 1, 5, 2),
(64, 'ARK', 'SLZ', 1, 13, 'ark-stadion', 2457, '2023-10-13 18:30:00', 'eks2023/2024k9', 1.6, 2.2, 3, 1, 3),
(65, 'GZB', 'RKP', 14, 12, 'gzb-stadion', 1809, '2023-10-14 16:45:00', 'eks2023/2024k9', 2.1, 1.8, 2, 2, 4),
(66, 'SLP', 'PZN', 15, 11, 'slp-stadion', 2125, '2023-10-15 15:15:00', 'eks2023/2024k9', 1.7, 2, 5, 5, 5),
(67, 'WDZ', 'PAK', 16, 10, 'wdz-stadion', 2296, '2023-10-13 17:30:00', 'eks2023/2024k9', 1.9, 2.3, 3, 2, 6),
(68, 'WLO', 'MIE', 17, 9, 'wlo-stadion', 1316, '2023-10-14 19:00:00', 'eks2023/2024k9', 2, 1.7, 2, 1, 7),
(69, 'WRK', 'LPO', 18, 8, 'wrk-stadion', 4139, '2023-10-15 20:15:00', 'eks2023/2024k9', 1.8, 2.1, 1, 3, 1),
(70, 'CHO', 'LEG', 2, 7, 'cho-stadion', 5778, '2023-10-13 16:15:00', 'eks2023/2024k9', 2.2, 1.9, 3, 2, 2),
(71, 'CRZ', 'LEC', 3, 6, 'crz-stadion', 1559, '2023-10-14 14:30:00', 'eks2023/2024k9', 2.4, 1.6, 2, 1, 3),
(72, 'GKS', 'JAG', 4, 5, 'gks-stadion', 1881, '2023-10-15 17:45:00', 'eks2023/2024k9', 2.6, 2.2, 1, 3, 4),
(73, 'PAK', 'ARK', 10, 1, 'pak-stadion', 2457, '2023-10-20 18:30:00', 'eks2023/2024k9', 1.6, 2.2, 2, 1, 1),
(74, 'MIE', 'PZN', 9, 11, 'mie-stadion', 1809, '2023-10-21 16:45:00', 'eks2023/2024k9', 2.1, 1.8, 3, 2, 2),
(75, 'LPO', 'RKP', 8, 12, 'lpo-stadion', 2125, '2023-10-22 15:15:00', 'eks2023/2024k9', 1.7, 2, 1, 3, 3),
(76, 'LEG', 'SLZ', 7, 13, 'leg-stadion', 2296, '2023-10-20 17:30:00', 'eks2023/2024k9', 1.9, 2.3, 3, 1, 4),
(77, 'LEC', 'GZB', 6, 14, 'lec-stadion', 1316, '2023-10-21 19:00:00', 'eks2023/2024k9', 2, 1.7, 2, 5, 5),
(78, 'JAG', 'SLP', 5, 15, 'jag-stadion', 4139, '2023-10-22 20:15:00', 'eks2023/2024k9', 1.8, 2.1, 3, 2, 6),
(79, 'GKS', 'WDZ', 4, 16, 'gks-stadion', 5778, '2023-10-20 16:15:00', 'eks2023/2024k9', 2.2, 1.9, 1, 3, 7),
(80, 'CRZ', 'WLO', 3, 17, 'crz-stadion', 1559, '2023-10-21 14:30:00', 'eks2023/2024k9', 2.4, 1.6, 5, 1, 1),
(81, 'CHO', 'WRK', 2, 18, 'cho-stadion', 1881, '2023-10-22 17:45:00', 'eks2023/2024k9', 2.6, 2.2, 1, 2, 2),
(82, 'ARK', 'MIE', 1, 9, 'ark-stadion', 2457, '2023-11-04 18:30:00', 'eks2023/2024k10', 1.6, 2.2, 2, 1, 1),
(83, 'PAK', 'LPO', 10, 8, 'pak-stadion', 1809, '2023-11-05 16:45:00', 'eks2023/2024k10', 2.1, 1.8, 3, 2, 2),
(84, 'PZN', 'LEG', 11, 7, 'pzn-stadion', 2125, '2023-11-06 15:15:00', 'eks2023/2024k10', 1.7, 2, 1, 3, 3),
(85, 'RKP', 'LEC', 12, 6, 'rkp-stadion', 2296, '2023-11-04 17:30:00', 'eks2023/2024k10', 1.9, 2.3, 6, 1, 4),
(86, 'SLZ', 'JAG', 13, 5, 'slz-stadion', 1316, '2023-11-05 19:00:00', 'eks2023/2024k10', 2, 1.7, 2, 3, 5),
(87, 'GZB', 'GKS', 14, 4, 'gzb-stadion', 4139, '2023-11-06 20:15:00', 'eks2023/2024k10', 1.8, 2.1, 3, 2, 6),
(88, 'SLP', 'CRZ', 15, 3, 'slp-stadion', 5778, '2023-11-04 16:15:00', 'eks2023/2024k10', 2.2, 1.9, 1, 3, 7),
(89, 'WDZ', 'CHO', 16, 2, 'wdz-stadion', 1559, '2023-11-05 14:30:00', 'eks2023/2024k10', 2.4, 1.6, 2, 1, 1),
(90, 'WLO', 'WRK', 17, 18, 'wlo-stadion', 1881, '2023-11-06 17:45:00', 'eks2023/2024k10', 2.6, 2.2, 1, 2, 2),
(91, 'LPO', 'ARK', 8, 1, 'lpo-stadion', 2457, '2023-11-11 18:30:00', 'eks2023/2024k11', 1.6, 2.2, 2, 1, 1),
(92, 'LEG', 'MIE', 7, 9, 'leg-stadion', 1809, '2023-11-12 16:45:00', 'eks2023/2024k11', 2.1, 1.8, 3, 2, 2),
(93, 'LEC', 'PAK', 6, 10, 'lec-stadion', 2125, '2023-11-13 15:15:00', 'eks2023/2024k11', 1.7, 2, 1, 3, 3),
(94, 'JAG', 'PZN', 5, 11, 'jag-stadion', 2296, '2023-11-11 17:30:00', 'eks2023/2024k11', 1.9, 2.3, 3, 1, 4),
(95, 'GKS', 'RKP', 4, 12, 'gks-stadion', 1316, '2023-11-12 19:00:00', 'eks2023/2024k11', 2, 1.7, 2, 3, 5),
(96, 'CRZ', 'SLZ', 3, 13, 'crz-stadion', 4139, '2023-11-13 20:15:00', 'eks2023/2024k11', 1.8, 2.1, 3, 2, 6),
(97, 'CHO', 'GZB', 2, 14, 'cho-stadion', 5778, '2023-11-11 16:15:00', 'eks2023/2024k11', 2.2, 1.9, 1, 3, 7),
(98, 'WRK', 'SLP', 18, 15, 'wrk-stadion', 1559, '2023-11-12 14:30:00', 'eks2023/2024k11', 2.4, 1.6, 2, 1, 1),
(99, 'WLO', 'WDZ', 17, 16, 'wlo-stadion', 1881, '2023-11-13 17:45:00', 'eks2023/2024k11', 2.6, 2.2, 1, 2, 2),
(100, 'ARK', 'LEG', 1, 7, 'ark-stadion', 2457, '2023-11-18 18:30:00', 'eks2023/2024k12', 1.6, 2.2, 2, 4, 1),
(101, 'LPO', 'LEC', 8, 6, 'lpo-stadion', 1809, '2023-11-19 16:45:00', 'eks2023/2024k12', 2.1, 1.8, 3, 2, 2),
(102, 'MIE', 'JAG', 9, 5, 'mie-stadion', 2125, '2023-11-20 15:15:00', 'eks2023/2024k12', 1.7, 2, 1, 3, 3),
(103, 'PAK', 'GKS', 10, 4, 'pak-stadion', 2296, '2023-11-18 17:30:00', 'eks2023/2024k12', 1.9, 2.3, 1, 1, 4),
(104, 'PZN', 'CRZ', 11, 3, 'pzn-stadion', 1316, '2023-11-19 19:00:00', 'eks2023/2024k12', 2, 1.7, 2, 3, 5),
(105, 'RKP', 'CHO', 12, 2, 'rkp-stadion', 4139, '2023-11-20 20:15:00', 'eks2023/2024k12', 1.8, 2.1, 3, 2, 6),
(106, 'SLZ', 'WRK', 13, 9, 'slz-stadion', 5778, '2023-11-18 16:15:00', 'eks2023/2024k12', 2.2, 1.9, 1, 3, 7),
(107, 'GZB', 'WLO', 14, 17, 'gzb-stadion', 1559, '2023-11-19 14:30:00', 'eks2023/2024k12', 2.4, 1.6, 2, 1, 1),
(108, 'SLP', 'WDZ', 15, 16, 'slp-stadion', 1881, '2023-11-20 17:45:00', 'eks2023/2024k12', 2.6, 2.2, 1, 4, 2),
(109, 'LEC', 'ARK', 6, 1, 'lec-stadion', 2457, '2023-11-25 18:30:00', 'eks2023/2024k13', 1.6, 2.2, 2, 1, 1),
(110, 'JAG', 'LEG', 5, 7, 'jag-stadion', 1809, '2023-11-26 16:45:00', 'eks2023/2024k13', 2.1, 1.8, 3, 2, 2),
(111, 'GKS', 'LPO', 9, 8, 'gks-stadion', 2125, '2023-11-27 15:15:00', 'eks2023/2024k13', 1.7, 2, 1, 4, 3),
(112, 'CRZ', 'MIE', 3, 9, 'crz-stadion', 2296, '2023-11-25 17:30:00', 'eks2023/2024k13', 1.9, 2.3, 3, 1, 4),
(113, 'CHO', 'PAK', 2, 10, 'cho-stadion', 1316, '2023-11-26 19:00:00', 'eks2023/2024k13', 2, 1.7, 2, 3, 5),
(114, 'WRK', 'PZN', 10, 11, 'wrk-stadion', 4139, '2023-11-27 20:15:00', 'eks2023/2024k13', 1.8, 2.1, 3, 2, 6),
(115, 'WLO', 'RKP', 17, 12, 'wlo-stadion', 5778, '2023-11-25 16:15:00', 'eks2023/2024k13', 2.2, 1.9, 1, 4, 7),
(116, 'WDZ', 'SLZ', 16, 13, 'wdz-stadion', 1559, '2023-11-26 14:30:00', 'eks2023/2024k13', 2.4, 1.6, 2, 1, 1),
(117, 'SLP', 'GZB', 15, 14, 'slp-stadion', 1881, '2023-11-27 17:45:00', 'eks2023/2024k13', 2.6, 2.2, 1, 2, 2),
(127, 'GKS', 'ARK', 4, 1, 'gks-stadion', 2457, '2023-09-15 18:30:00', 'eks2023/2024k15', 1.6, 2.2, 2, 1, 1),
(128, 'CRZ', 'JAG', 3, 5, 'crz-stadion', 1809, '2023-09-16 16:45:00', 'eks2023/2024k15', 2.1, 1.8, 3, 2, 2),
(129, 'CHO', 'LEC', 2, 6, 'cho-stadion', 2125, '2023-09-17 15:15:00', 'eks2023/2024k15', 1.7, 2, 1, 3, 3),
(130, 'WRK', 'LEG', 18, 7, 'wrk-stadion', 2296, '2023-09-15 17:30:00', 'eks2023/2024k15', 1.9, 2.3, 3, 1, 4),
(131, 'WLO', 'LPO', 17, 8, 'wlo-stadion', 1316, '2023-09-16 19:00:00', 'eks2023/2024k15', 2, 1.7, 2, 3, 5),
(132, 'WDZ', 'MIE', 16, 9, 'wdz-stadion', 4139, '2023-09-17 20:15:00', 'eks2023/2024k15', 1.8, 2.1, 3, 2, 6),
(133, 'SLP', 'PAK', 15, 10, 'slp-stadion', 5778, '2023-09-15 16:15:00', 'eks2023/2024k15', 2.2, 1.9, 1, 3, 7),
(134, 'GZB', 'PZN', 14, 11, 'gzb-stadion', 1559, '2023-09-16 14:30:00', 'eks2023/2024k15', 2.4, 1.6, 2, 1, 1),
(135, 'SLZ', 'RKP', 13, 12, 'slz-stadion', 1881, '2023-09-17 17:45:00', 'eks2023/2024k15', 2.6, 2.2, 1, 2, 2),
(136, 'ARK', 'CRZ', 1, 3, 'ark-stadion', 2457, '2023-12-15 18:30:00', 'eks2023/2024k16', 1.6, 2.2, 2, 1, 1),
(137, 'GKS', 'CHO', 4, 2, 'gks-stadion', 1809, '2023-12-16 16:45:00', 'eks2023/2024k16', 2.1, 1.8, 3, 2, 2),
(138, 'JAG', 'WRK', 5, 18, 'jag-stadion', 2125, '2023-12-17 15:15:00', 'eks2023/2024k16', 1.7, 2, 1, 3, 3),
(139, 'LEC', 'WLO', 6, 17, 'lec-stadion', 2296, '2023-12-15 17:30:00', 'eks2023/2024k16', 1.9, 2.3, 3, 1, 4),
(140, 'LEG', 'WDZ', 7, 16, 'leg-stadion', 1316, '2023-12-16 19:00:00', 'eks2023/2024k16', 2, 1.7, 2, 3, 5),
(141, 'LPO', 'SLP', 8, 15, 'lpo-stadion', 4139, '2023-12-17 20:15:00', 'eks2023/2024k16', 1.8, 2.1, 3, 2, 6),
(142, 'MIE', 'GZB', 9, 14, 'mie-stadion', 5778, '2023-12-15 16:15:00', 'eks2023/2024k16', 2.2, 1.9, 1, 3, 7),
(143, 'PAK', 'SLZ', 10, 13, 'pak-stadion', 1559, '2023-12-16 14:30:00', 'eks2023/2024k16', 2.4, 1.6, 2, 1, 1),
(144, 'PZN', 'RKP', 11, 12, 'pzn-stadion', 1881, '2023-12-17 17:45:00', 'eks2023/2024k16', 2.6, 2.2, 1, 2, 2),
(145, 'CHO', 'ARK', 2, 1, 'cho-stadion', 2100, '2023-12-22 18:30:00', 'eks2023/2024k17', 2.2, 2, 1, 5, 1),
(146, 'WRK', 'CRZ', 13, 3, 'wrk-stadion', 1900, '2023-12-23 16:45:00', 'eks2023/2024k17', 1.9, 2.3, 1, 6, 2),
(147, 'WLO', 'GKS', 17, 4, 'wlo-stadion', 2200, '2023-12-24 15:15:00', 'eks2023/2024k17', 2, 2.2, 4, 7, 3),
(148, 'WDZ', 'JAG', 16, 5, 'wdz-stadion', 2400, '2023-12-22 17:30:00', 'eks2023/2024k17', 2.4, 1.8, 5, 2, 4),
(149, 'SLP', 'LEC', 15, 6, 'slp-stadion', 1750, '2023-12-23 19:00:00', 'eks2023/2024k17', 2.3, 1.9, 2, 2, 5),
(150, 'GZB', 'LEG', 14, 7, 'gzb-stadion', 1850, '2023-12-24 20:15:00', 'eks2023/2024k17', 1.8, 2.5, 2, 7, 6),
(151, 'SLZ', 'LPO', 13, 8, 'slz-stadion', 3900, '2023-12-22 16:15:00', 'eks2023/2024k17', 2.6, 1.7, 6, 1, 7),
(152, 'RKP', 'MIE', 12, 9, 'rkp-stadion', 2300, '2023-12-23 14:30:00', 'eks2023/2024k17', 2.2, 2.1, 1, 2, 1),
(153, 'PZN', 'PAK', 11, 10, 'pzn-stadion', 1600, '2023-12-24 17:45:00', 'eks2023/2024k17', 2.8, 1.6, 1, 2, 2),
(154, 'WRK', 'ARK', 18, 1, 'wrk-stadion', 2457, '2023-08-18 18:00:00', 'eks2023/2024k1', 1.6, 2.2, 2, 3, 1),
(155, 'WLO', 'CHO', 17, 2, 'wlo-stadion', 1809, '2023-08-19 16:45:00', 'eks2023/2024k1', 2.1, 1.8, 1, 2, 2),
(156, 'WDZ', 'CRZ', 16, 3, 'wdz-stadion', 2125, '2023-08-20 15:15:00', 'eks2023/2024k1', 1.7, 2, 3, 1, 3),
(157, 'SLP', 'GKS', 15, 4, 'slp-stadion', 2296, '2023-08-18 17:30:00', 'eks2023/2024k1', 1.9, 2.3, 2, 2, 4),
(158, 'GZB', 'JAG', 14, 5, 'gzb-stadion', 1316, '2023-08-19 19:00:00', 'eks2023/2024k1', 2, 1.7, 1, 3, 5),
(159, 'SLZ', 'LEC', 13, 6, 'slz-stadion', 4139, '2023-08-20 20:15:00', 'eks2023/2024k1', 1.8, 2.1, 3, 2, 6),
(160, 'RKP', 'LEG', 12, 7, 'rkp-stadion', 5778, '2023-08-18 16:15:00', 'eks2023/2024k1', 2.2, 1.9, 2, 1, 7),
(161, 'PZN', 'LPO', 11, 8, 'pzn-stadion', 1559, '2023-08-19 14:30:00', 'eks2023/2024k1', 2.4, 1.6, 1, 3, 1),
(162, 'PAK', 'MIE', 10, 9, 'pak-stadion', 1881, '2023-08-20 17:45:00', 'eks2023/2024k1', 2.6, 2.2, 3, 2, 2),
(163, 'ARK', 'WLO', 1, 17, 'ark-stadion', 2457, '2023-08-25 18:00:00', 'eks2023/2024k2', 1.6, 2.2, 2, 3, 2),
(164, 'WRK', 'WDZ', 18, 16, 'wrk-stadion', 1809, '2023-08-26 16:45:00', 'eks2023/2024k2', 2.1, 1.8, 1, 2, 3),
(165, 'CHO', 'SLP', 17, 15, 'cho-stadion', 2125, '2023-08-27 15:15:00', 'eks2023/2024k2', 1.7, 2, 3, 1, 4),
(166, 'CRZ', 'GZB', 16, 14, 'crz-stadion', 2296, '2023-08-25 17:30:00', 'eks2023/2024k2', 1.9, 2.3, 2, 2, 5),
(167, 'GKS', 'SLZ', 15, 13, 'gks-stadion', 1316, '2023-08-26 19:00:00', 'eks2023/2024k2', 2, 1.7, 1, 3, 6),
(168, 'JAG', 'RKP', 14, 12, 'jag-stadion', 4139, '2023-08-27 20:15:00', 'eks2023/2024k2', 1.8, 2.1, 3, 2, 7),
(169, 'LEC', 'PZN', 13, 11, 'lec-stadion', 5778, '2023-08-25 16:15:00', 'eks2023/2024k2', 2.2, 1.9, 2, 1, 1),
(170, 'LEG', 'PAK', 12, 10, 'leg-stadion', 1559, '2023-08-26 14:30:00', 'eks2023/2024k2', 2.4, 1.6, 1, 3, 2),
(171, 'LPO', 'MIE', 11, 9, 'lpo-stadion', 1881, '2023-08-27 17:45:00', 'eks2023/2024k2', 2.6, 2.2, 3, 2, 3),
(172, 'WDZ', 'ARK', 16, 1, 'wdz-stadion', 2457, '2023-09-01 18:30:00', 'eks2023/2024k3', 1.6, 2.2, 3, 1, 3),
(173, 'SLP', 'WLO', 15, 17, 'slp-stadion', 1809, '2023-09-02 16:45:00', 'eks2023/2024k3', 2.1, 1.8, 2, 2, 4),
(174, 'GZB', 'WRK', 14, 18, 'gzb-stadion', 2125, '2023-09-03 15:15:00', 'eks2023/2024k3', 1.7, 2, 1, 3, 5),
(175, 'SLZ', 'CHO', 13, 2, 'slz-stadion', 2296, '2023-09-01 17:30:00', 'eks2023/2024k3', 1.9, 2.3, 3, 2, 6),
(176, 'RKP', 'CRZ', 12, 3, 'rkp-stadion', 1316, '2023-09-02 19:00:00', 'eks2023/2024k3', 2, 1.7, 2, 1, 7),
(177, 'PZN', 'GKS', 11, 4, 'pzn-stadion', 4139, '2023-09-03 20:15:00', 'eks2023/2024k3', 1.8, 2.1, 1, 3, 1),
(178, 'PAK', 'JAG', 10, 5, 'pak-stadion', 5778, '2023-09-01 16:15:00', 'eks2023/2024k3', 2.2, 1.9, 3, 2, 2),
(179, 'MIE', 'LEC', 9, 6, 'mie-stadion', 1559, '2023-09-02 14:30:00', 'eks2023/2024k3', 2.4, 1.6, 2, 1, 3),
(180, 'LPO', 'LEG', 8, 7, 'lpo-stadion', 1881, '2023-09-03 17:45:00', 'eks2023/2024k3', 2.6, 2.2, 1, 3, 4),
(181, 'ARK', 'SLP', 1, 15, 'ark-stadion', 2600, '2023-09-15 18:30:00', 'eks2023/2024k4', 1.6, 2.2, 3, 1, 3),
(182, 'WDZ', 'GZB', 16, 14, 'wdz-stadion', 1809, '2023-09-16 16:45:00', 'eks2023/2024k4', 2.1, 1.8, 2, 2, 4),
(183, 'WLO', 'SLZ', 17, 13, 'wlo-stadion', 2125, '2023-09-17 15:15:00', 'eks2023/2024k4', 1.7, 2, 1, 3, 5),
(184, 'WRK', 'RKP', 9, 12, 'wrk-stadion', 2296, '2023-09-15 17:30:00', 'eks2023/2024k4', 1.9, 2.3, 3, 2, 6),
(185, 'CHO', 'PZN', 2, 11, 'cho-stadion', 1316, '2023-09-16 19:00:00', 'eks2023/2024k4', 2, 1.7, 2, 1, 7),
(186, 'CRZ', 'PAK', 3, 10, 'crz-stadion', 4139, '2023-09-17 20:15:00', 'eks2023/2024k4', 1.8, 2.1, 1, 3, 1),
(187, 'GKS', 'MIE', 4, 9, 'gks-stadion', 5778, '2023-09-15 16:15:00', 'eks2023/2024k4', 2.2, 1.9, 3, 2, 2),
(188, 'JAG', 'LPO', 5, 8, 'jag-stadion', 1559, '2023-09-16 14:30:00', 'eks2023/2024k4', 2.4, 1.6, 2, 1, 3),
(189, 'LEC', 'LEG', 6, 7, 'lec-stadion', 1881, '2023-09-17 17:45:00', 'eks2023/2024k4', 2.6, 2.2, 1, 3, 4),
(190, 'GZB', 'ARK', 14, 1, 'gzb-stadion', 2600, '2023-09-22 18:30:00', 'eks2023/2024k5', 1.6, 2.2, 3, 1, 3),
(191, 'SLZ', 'SLP', 13, 15, 'slz-stadion', 1950, '2023-09-23 16:45:00', 'eks2023/2024k5', 2.1, 1.8, 2, 2, 4),
(192, 'RKP', 'WDZ', 12, 16, 'rkp-stadion', 2300, '2023-09-24 15:15:00', 'eks2023/2024k5', 1.7, 2, 1, 3, 5),
(193, 'PZN', 'WLO', 11, 17, 'pzn-stadion', 2100, '2023-09-22 17:30:00', 'eks2023/2024k5', 1.9, 2.3, 3, 2, 6),
(194, 'PAK', 'WRK', 10, 9, 'pak-stadion', 1500, '2023-09-23 19:00:00', 'eks2023/2024k5', 2, 1.7, 2, 1, 7),
(195, 'MIE', 'CHO', 9, 2, 'mie-stadion', 1700, '2023-09-24 20:15:00', 'eks2023/2024k5', 1.8, 2.1, 1, 3, 1),
(196, 'LPO', 'CRZ', 8, 3, 'lpo-stadion', 2400, '2023-09-22 16:15:00', 'eks2023/2024k5', 2.2, 1.9, 3, 2, 2),
(197, 'LEG', 'GKS', 7, 4, 'leg-stadion', 1850, '2023-09-23 14:30:00', 'eks2023/2024k5', 2.4, 1.6, 2, 1, 3),
(198, 'LEC', 'JAG', 6, 5, 'lec-stadion', 2000, '2023-09-24 17:45:00', 'eks2023/2024k5', 2.6, 2.2, 1, 3, 4),
(199, 'ARK', 'SLZ', 1, 13, 'ark-stadion', 2457, '2023-09-29 18:30:00', 'eks2023/2024k6', 1.6, 2.2, 3, 1, 3),
(200, 'GZB', 'RKP', 14, 12, 'gzb-stadion', 1809, '2023-09-30 16:45:00', 'eks2023/2024k6', 2.1, 1.8, 2, 2, 4),
(201, 'SLP', 'PZN', 15, 11, 'slp-stadion', 2125, '2023-10-01 15:15:00', 'eks2023/2024k6', 1.7, 2, 1, 3, 5),
(202, 'WDZ', 'PAK', 16, 10, 'wdz-stadion', 2296, '2023-09-29 17:30:00', 'eks2023/2024k6', 1.9, 2.3, 3, 2, 6),
(203, 'WLO', 'MIE', 17, 9, 'wlo-stadion', 1316, '2023-09-30 19:00:00', 'eks2023/2024k6', 2, 1.7, 2, 1, 7),
(204, 'WRK', 'LPO', 18, 8, 'wrk-stadion', 4139, '2023-10-01 20:15:00', 'eks2023/2024k6', 1.8, 2.1, 1, 3, 1),
(205, 'CHO', 'LEG', 2, 7, 'cho-stadion', 5778, '2023-09-29 16:15:00', 'eks2023/2024k6', 2.2, 1.9, 3, 2, 2),
(206, 'CRZ', 'LEC', 3, 6, 'crz-stadion', 1559, '2023-09-30 14:30:00', 'eks2023/2024k6', 2.4, 1.6, 2, 1, 3),
(207, 'GKS', 'JAG', 4, 5, 'gks-stadion', 1881, '2023-10-01 17:45:00', 'eks2023/2024k6', 2.6, 2.2, 1, 3, 4),
(208, 'RKP', 'ARK', 12, 1, 'rkp-stadion', 2457, '2023-10-06 18:30:00', 'eks2023/2024k7', 1.6, 2.2, 2, 1, 1),
(209, 'PZN', 'SLZ', 11, 13, 'pzn-stadion', 1809, '2023-10-07 16:45:00', 'eks2023/2024k7', 2.1, 1.8, 3, 2, 2),
(210, 'PAK', 'GZB', 10, 14, 'pak-stadion', 2125, '2023-10-08 15:15:00', 'eks2023/2024k7', 1.7, 2, 1, 3, 3),
(211, 'MIE', 'SLP', 9, 15, 'mie-stadion', 2296, '2023-10-06 17:30:00', 'eks2023/2024k7', 1.9, 2.3, 3, 1, 4),
(212, 'LPO', 'WDZ', 8, 16, 'lpo-stadion', 1316, '2023-10-07 19:00:00', 'eks2023/2024k7', 2, 1.7, 2, 3, 5),
(213, 'LEG', 'WLO', 7, 17, 'leg-stadion', 4139, '2023-10-08 20:15:00', 'eks2023/2024k7', 1.8, 2.1, 3, 2, 6),
(214, 'LEC', 'WRK', 6, 18, 'lec-stadion', 5778, '2023-10-06 16:15:00', 'eks2023/2024k7', 2.2, 1.9, 1, 3, 7),
(215, 'JAG', 'CHO', 5, 2, 'jag-stadion', 1559, '2023-10-07 14:30:00', 'eks2023/2024k7', 2.4, 1.6, 5, 1, 1),
(216, 'GKS', 'CRZ', 4, 3, 'gks-stadion', 1881, '2023-10-08 17:45:00', 'eks2023/2024k7', 2.6, 2.2, 1, 5, 2),
(217, 'ARK', 'SLZ', 1, 13, 'ark-stadion', 2457, '2023-10-13 18:30:00', 'eks2023/2024k9', 1.6, 2.2, 3, 1, 3),
(218, 'GZB', 'RKP', 14, 12, 'gzb-stadion', 1809, '2023-10-14 16:45:00', 'eks2023/2024k9', 2.1, 1.8, 2, 2, 4),
(219, 'SLP', 'PZN', 15, 11, 'slp-stadion', 2125, '2023-10-15 15:15:00', 'eks2023/2024k9', 1.7, 2, 5, 5, 5),
(220, 'WDZ', 'PAK', 16, 10, 'wdz-stadion', 2296, '2023-10-13 17:30:00', 'eks2023/2024k9', 1.9, 2.3, 3, 2, 6),
(221, 'WLO', 'MIE', 17, 9, 'wlo-stadion', 1316, '2023-10-14 19:00:00', 'eks2023/2024k9', 2, 1.7, 2, 1, 7),
(222, 'WRK', 'LPO', 18, 8, 'wrk-stadion', 4139, '2023-10-15 20:15:00', 'eks2023/2024k9', 1.8, 2.1, 1, 3, 1),
(223, 'CHO', 'LEG', 2, 7, 'cho-stadion', 5778, '2023-10-13 16:15:00', 'eks2023/2024k9', 2.2, 1.9, 3, 2, 2),
(224, 'CRZ', 'LEC', 3, 6, 'crz-stadion', 1559, '2023-10-14 14:30:00', 'eks2023/2024k9', 2.4, 1.6, 2, 1, 3),
(225, 'GKS', 'JAG', 4, 5, 'gks-stadion', 1881, '2023-10-15 17:45:00', 'eks2023/2024k9', 2.6, 2.2, 1, 3, 4),
(226, 'PAK', 'ARK', 10, 1, 'pak-stadion', 2457, '2023-10-20 18:30:00', 'eks2023/2024k9', 1.6, 2.2, 2, 1, 1),
(227, 'MIE', 'PZN', 9, 11, 'mie-stadion', 1809, '2023-10-21 16:45:00', 'eks2023/2024k9', 2.1, 1.8, 3, 2, 2),
(228, 'LPO', 'RKP', 8, 12, 'lpo-stadion', 2125, '2023-10-22 15:15:00', 'eks2023/2024k9', 1.7, 2, 1, 3, 3),
(229, 'LEG', 'SLZ', 7, 13, 'leg-stadion', 2296, '2023-10-20 17:30:00', 'eks2023/2024k9', 1.9, 2.3, 3, 1, 4),
(230, 'LEC', 'GZB', 6, 14, 'lec-stadion', 1316, '2023-10-21 19:00:00', 'eks2023/2024k9', 2, 1.7, 2, 5, 5),
(231, 'JAG', 'SLP', 5, 15, 'jag-stadion', 4139, '2023-10-22 20:15:00', 'eks2023/2024k9', 1.8, 2.1, 3, 2, 6),
(232, 'GKS', 'WDZ', 4, 16, 'gks-stadion', 5778, '2023-10-20 16:15:00', 'eks2023/2024k9', 2.2, 1.9, 1, 3, 7),
(233, 'CRZ', 'WLO', 3, 17, 'crz-stadion', 1559, '2023-10-21 14:30:00', 'eks2023/2024k9', 2.4, 1.6, 5, 1, 1),
(234, 'CHO', 'WRK', 2, 18, 'cho-stadion', 1881, '2023-10-22 17:45:00', 'eks2023/2024k9', 2.6, 2.2, 1, 2, 2),
(235, 'ARK', 'MIE', 1, 9, 'ark-stadion', 2457, '2023-11-04 18:30:00', 'eks2023/2024k10', 1.6, 2.2, 2, 1, 1),
(236, 'PAK', 'LPO', 10, 8, 'pak-stadion', 1809, '2023-11-05 16:45:00', 'eks2023/2024k10', 2.1, 1.8, 3, 2, 2),
(237, 'PZN', 'LEG', 11, 7, 'pzn-stadion', 2125, '2023-11-06 15:15:00', 'eks2023/2024k10', 1.7, 2, 1, 3, 3),
(238, 'RKP', 'LEC', 12, 6, 'rkp-stadion', 2296, '2023-11-04 17:30:00', 'eks2023/2024k10', 1.9, 2.3, 6, 1, 4),
(239, 'SLZ', 'JAG', 13, 5, 'slz-stadion', 1316, '2023-11-05 19:00:00', 'eks2023/2024k10', 2, 1.7, 2, 3, 5),
(240, 'GZB', 'GKS', 14, 4, 'gzb-stadion', 4139, '2023-11-06 20:15:00', 'eks2023/2024k10', 1.8, 2.1, 3, 2, 6),
(241, 'SLP', 'CRZ', 15, 3, 'slp-stadion', 5778, '2023-11-04 16:15:00', 'eks2023/2024k10', 2.2, 1.9, 1, 3, 7),
(242, 'WDZ', 'CHO', 16, 2, 'wdz-stadion', 1559, '2023-11-05 14:30:00', 'eks2023/2024k10', 2.4, 1.6, 2, 1, 1),
(243, 'WLO', 'WRK', 17, 18, 'wlo-stadion', 1881, '2023-11-06 17:45:00', 'eks2023/2024k10', 2.6, 2.2, 1, 2, 2),
(244, 'LPO', 'ARK', 8, 1, 'lpo-stadion', 2457, '2023-11-11 18:30:00', 'eks2023/2024k11', 1.6, 2.2, 2, 1, 1),
(245, 'LEG', 'MIE', 7, 9, 'leg-stadion', 1809, '2023-11-12 16:45:00', 'eks2023/2024k11', 2.1, 1.8, 3, 2, 2),
(246, 'LEC', 'PAK', 6, 10, 'lec-stadion', 2125, '2023-11-13 15:15:00', 'eks2023/2024k11', 1.7, 2, 1, 3, 3),
(247, 'JAG', 'PZN', 5, 11, 'jag-stadion', 2296, '2023-11-11 17:30:00', 'eks2023/2024k11', 1.9, 2.3, 3, 1, 4),
(248, 'GKS', 'RKP', 4, 12, 'gks-stadion', 1316, '2023-11-12 19:00:00', 'eks2023/2024k11', 2, 1.7, 2, 3, 5),
(249, 'CRZ', 'SLZ', 3, 13, 'crz-stadion', 4139, '2023-11-13 20:15:00', 'eks2023/2024k11', 1.8, 2.1, 3, 2, 6),
(250, 'CHO', 'GZB', 2, 14, 'cho-stadion', 5778, '2023-11-11 16:15:00', 'eks2023/2024k11', 2.2, 1.9, 1, 3, 7),
(251, 'WRK', 'SLP', 18, 15, 'wrk-stadion', 1559, '2023-11-12 14:30:00', 'eks2023/2024k11', 2.4, 1.6, 2, 1, 1),
(252, 'WLO', 'WDZ', 17, 16, 'wlo-stadion', 1881, '2023-11-13 17:45:00', 'eks2023/2024k11', 2.6, 2.2, 1, 2, 2),
(253, 'ARK', 'LEG', 1, 7, 'ark-stadion', 2457, '2023-11-18 18:30:00', 'eks2023/2024k12', 1.6, 2.2, 2, 4, 1),
(254, 'LPO', 'LEC', 8, 6, 'lpo-stadion', 1809, '2023-11-19 16:45:00', 'eks2023/2024k12', 2.1, 1.8, 3, 2, 2),
(255, 'MIE', 'JAG', 9, 5, 'mie-stadion', 2125, '2023-11-20 15:15:00', 'eks2023/2024k12', 1.7, 2, 1, 3, 3),
(256, 'PAK', 'GKS', 10, 4, 'pak-stadion', 2296, '2023-11-18 17:30:00', 'eks2023/2024k12', 1.9, 2.3, 1, 1, 4),
(257, 'PZN', 'CRZ', 11, 3, 'pzn-stadion', 1316, '2023-11-19 19:00:00', 'eks2023/2024k12', 2, 1.7, 2, 3, 5),
(258, 'RKP', 'CHO', 12, 2, 'rkp-stadion', 4139, '2023-11-20 20:15:00', 'eks2023/2024k12', 1.8, 2.1, 3, 2, 6),
(259, 'SLZ', 'WRK', 13, 9, 'slz-stadion', 5778, '2023-11-18 16:15:00', 'eks2023/2024k12', 2.2, 1.9, 1, 3, 7),
(260, 'GZB', 'WLO', 14, 17, 'gzb-stadion', 1559, '2023-11-19 14:30:00', 'eks2023/2024k12', 2.4, 1.6, 2, 1, 1),
(261, 'SLP', 'WDZ', 15, 16, 'slp-stadion', 1881, '2023-11-20 17:45:00', 'eks2023/2024k12', 2.6, 2.2, 1, 4, 2),
(262, 'LEC', 'ARK', 6, 1, 'lec-stadion', 2457, '2023-11-25 18:30:00', 'eks2023/2024k13', 1.6, 2.2, 2, 1, 1),
(263, 'JAG', 'LEG', 5, 7, 'jag-stadion', 1809, '2023-11-26 16:45:00', 'eks2023/2024k13', 2.1, 1.8, 3, 2, 2),
(264, 'GKS', 'LPO', 9, 8, 'gks-stadion', 2125, '2023-11-27 15:15:00', 'eks2023/2024k13', 1.7, 2, 1, 4, 3),
(265, 'CRZ', 'MIE', 3, 9, 'crz-stadion', 2296, '2023-11-25 17:30:00', 'eks2023/2024k13', 1.9, 2.3, 3, 1, 4),
(266, 'CHO', 'PAK', 2, 10, 'cho-stadion', 1316, '2023-11-26 19:00:00', 'eks2023/2024k13', 2, 1.7, 2, 3, 5),
(267, 'WRK', 'PZN', 10, 11, 'wrk-stadion', 4139, '2023-11-27 20:15:00', 'eks2023/2024k13', 1.8, 2.1, 3, 2, 6),
(268, 'WLO', 'RKP', 17, 12, 'wlo-stadion', 5778, '2023-11-25 16:15:00', 'eks2023/2024k13', 2.2, 1.9, 1, 4, 7),
(269, 'WDZ', 'SLZ', 16, 13, 'wdz-stadion', 1559, '2023-11-26 14:30:00', 'eks2023/2024k13', 2.4, 1.6, 2, 1, 1),
(270, 'SLP', 'GZB', 15, 14, 'slp-stadion', 1881, '2023-11-27 17:45:00', 'eks2023/2024k13', 2.6, 2.2, 1, 2, 2),
(271, 'ARK', 'JAG', 1, 5, 'ark-stadion', 2457, '2023-12-02 18:30:00', 'eks2023/2024k14', 1.6, 2.2, 2, 1, 1),
(272, 'LEC', 'GKS', 6, 4, 'lec-stadion', 1809, '2023-12-03 16:45:00', 'eks2023/2024k14', 2.1, 1.8, 3, 4, 2),
(273, 'LEG', 'CRZ', 7, 3, 'leg-stadion', 2125, '2023-12-04 15:15:00', 'eks2023/2024k14', 1.7, 2, 1, 3, 3),
(274, 'LPO', 'CHO', 8, 2, 'lpo-stadion', 2296, '2023-12-02 17:30:00', 'eks2023/2024k14', 1.9, 2.3, 3, 1, 4),
(275, 'MIE', 'WRK', 9, 11, 'mie-stadion', 1316, '2023-12-03 19:00:00', 'eks2023/2024k14', 2, 1.7, 2, 3, 5),
(276, 'PAK', 'WLO', 10, 17, 'pak-stadion', 4139, '2023-12-04 20:15:00', 'eks2023/2024k14', 1.8, 2.1, 3, 2, 6),
(277, 'PZN', 'WDZ', 11, 16, 'pzn-stadion', 5778, '2023-12-02 16:15:00', 'eks2023/2024k14', 2.2, 1.9, 1, 3, 7),
(278, 'RKP', 'SLP', 12, 15, 'rkp-stadion', 1559, '2023-12-03 14:30:00', 'eks2023/2024k14', 2.4, 1.6, 2, 1, 1),
(279, 'SLZ', 'GZB', 13, 14, 'slz-stadion', 1881, '2023-12-04 17:45:00', 'eks2023/2024k14', 2.6, 2.2, 1, 4, 2),
(280, 'GKS', 'ARK', 4, 1, 'gks-stadion', 2457, '2023-09-15 18:30:00', 'eks2023/2024k15', 1.6, 2.2, 2, 1, 1),
(281, 'CRZ', 'JAG', 3, 5, 'crz-stadion', 1809, '2023-09-16 16:45:00', 'eks2023/2024k15', 2.1, 1.8, 3, 2, 2),
(282, 'CHO', 'LEC', 2, 6, 'cho-stadion', 2125, '2023-09-17 15:15:00', 'eks2023/2024k15', 1.7, 2, 1, 3, 3),
(283, 'WRK', 'LEG', 18, 7, 'wrk-stadion', 2296, '2023-09-15 17:30:00', 'eks2023/2024k15', 1.9, 2.3, 3, 1, 4),
(284, 'WLO', 'LPO', 17, 8, 'wlo-stadion', 1316, '2023-09-16 19:00:00', 'eks2023/2024k15', 2, 1.7, 2, 3, 5),
(285, 'WDZ', 'MIE', 16, 9, 'wdz-stadion', 4139, '2023-09-17 20:15:00', 'eks2023/2024k15', 1.8, 2.1, 3, 2, 6),
(286, 'SLP', 'PAK', 15, 10, 'slp-stadion', 5778, '2023-09-15 16:15:00', 'eks2023/2024k15', 2.2, 1.9, 1, 3, 7),
(287, 'GZB', 'PZN', 14, 11, 'gzb-stadion', 1559, '2023-09-16 14:30:00', 'eks2023/2024k15', 2.4, 1.6, 2, 1, 1),
(288, 'SLZ', 'RKP', 13, 12, 'slz-stadion', 1881, '2023-09-17 17:45:00', 'eks2023/2024k15', 2.6, 2.2, 1, 2, 2),
(289, 'ARK', 'CRZ', 1, 3, 'ark-stadion', 2457, '2023-12-15 18:30:00', 'eks2023/2024k16', 1.6, 2.2, 2, 1, 1),
(290, 'GKS', 'CHO', 4, 2, 'gks-stadion', 1809, '2023-12-16 16:45:00', 'eks2023/2024k16', 2.1, 1.8, 3, 2, 2),
(291, 'JAG', 'WRK', 5, 18, 'jag-stadion', 2125, '2023-12-17 15:15:00', 'eks2023/2024k16', 1.7, 2, 1, 3, 3),
(292, 'LEC', 'WLO', 6, 17, 'lec-stadion', 2296, '2023-12-15 17:30:00', 'eks2023/2024k16', 1.9, 2.3, 3, 1, 4),
(293, 'LEG', 'WDZ', 7, 16, 'leg-stadion', 1316, '2023-12-16 19:00:00', 'eks2023/2024k16', 2, 1.7, 2, 3, 5),
(294, 'LPO', 'SLP', 8, 15, 'lpo-stadion', 4139, '2023-12-17 20:15:00', 'eks2023/2024k16', 1.8, 2.1, 3, 2, 6),
(295, 'MIE', 'GZB', 9, 14, 'mie-stadion', 5778, '2023-12-15 16:15:00', 'eks2023/2024k16', 2.2, 1.9, 1, 3, 7),
(296, 'PAK', 'SLZ', 10, 13, 'pak-stadion', 1559, '2023-12-16 14:30:00', 'eks2023/2024k16', 2.4, 1.6, 2, 1, 1),
(297, 'PZN', 'RKP', 11, 12, 'pzn-stadion', 1881, '2023-12-17 17:45:00', 'eks2023/2024k16', 2.6, 2.2, 1, 2, 2),
(298, 'CHO', 'ARK', 2, 1, 'cho-stadion', 2100, '2023-12-22 18:30:00', 'eks2023/2024k17', 2.2, 2, 1, 5, 1),
(299, 'WRK', 'CRZ', 13, 3, 'wrk-stadion', 1900, '2023-12-23 16:45:00', 'eks2023/2024k17', 1.9, 2.3, 1, 6, 2),
(300, 'WLO', 'GKS', 17, 4, 'wlo-stadion', 2200, '2023-12-24 15:15:00', 'eks2023/2024k17', 2, 2.2, 4, 7, 3),
(301, 'WDZ', 'JAG', 16, 5, 'wdz-stadion', 2400, '2023-12-22 17:30:00', 'eks2023/2024k17', 2.4, 1.8, 5, 2, 4),
(302, 'SLP', 'LEC', 15, 6, 'slp-stadion', 1750, '2023-12-23 19:00:00', 'eks2023/2024k17', 2.3, 1.9, 2, 2, 5),
(303, 'GZB', 'LEG', 14, 7, 'gzb-stadion', 1850, '2023-12-24 20:15:00', 'eks2023/2024k17', 1.8, 2.5, 2, 7, 6),
(304, 'SLZ', 'LPO', 13, 8, 'slz-stadion', 3900, '2023-12-22 16:15:00', 'eks2023/2024k17', 2.6, 1.7, 6, 1, 7),
(305, 'RKP', 'MIE', 12, 9, 'rkp-stadion', 2300, '2023-12-23 14:30:00', 'eks2023/2024k17', 2.2, 2.1, 1, 2, 1),
(306, 'PZN', 'PAK', 11, 10, 'pzn-stadion', 1600, '2023-12-24 17:45:00', 'eks2023/2024k17', 2.8, 1.6, 1, 2, 2);

-- --------------------------------------------------------

--
-- Struktura tabeli dla tabeli `t_osoby`
--

CREATE TABLE `t_osoby` (
  `id_osoby` int NOT NULL,
  `imie` varchar(255) DEFAULT NULL,
  `nazwisko` varchar(255) DEFAULT NULL,
  `data_urodzenia` date DEFAULT NULL,
  `fk_id_kraj` varchar(255) DEFAULT NULL
) ENGINE=InnoDB DEFAULT CHARSET=utf8mb4 COLLATE=utf8mb4_0900_ai_ci;

--
-- Zrzut danych tabeli `t_osoby`
--

INSERT INTO `t_osoby` (`id_osoby`, `imie`, `nazwisko`, `data_urodzenia`, `fk_id_kraj`) VALUES
(1, 'Szymon', 'Marciniak', '1998-04-22', 'pol'),
(2, 'Sebastian', 'Kwiatkowski', '1999-01-01', 'pol'),
(3, 'Kamil', 'Stalowy', '1999-03-04', 'pol'),
(4, 'Damian', 'Laskowski', '1994-06-04', 'pol'),
(5, 'Zygmunt', 'Wąsowski', '1977-03-04', 'pol'),
(6, 'Damian', 'Broda', '1979-06-23', 'pol'),
(7, 'Zygmunt', 'Chajzer', '1996-08-21', 'pol'),
(8, 'Jerzy', 'Brzęczek', '1971-03-18', 'pol'),
(9, 'Waldemar', 'Fornalik', '1963-03-25', 'pol'),
(10, 'Jacek', 'Zieliński', '1973-09-17', 'pol'),
(11, 'Daniel', 'Rodríguez', '1995-12-05', 'esp'),
(12, 'Manuel', 'Hernandez', '1987-09-10', 'esp'),
(13, 'Czesław', 'Michniewicz', '1970-02-18', 'pol'),
(14, 'Michał', 'Probierz', '1972-07-23', 'pol'),
(15, 'Piotr', 'Stokowiec', '1976-01-26', 'pol'),
(16, 'Gino', 'Lettieri', '1966-08-28', 'ita'),
(17, 'Ireneusz', 'Mamrot', '1967-02-19', 'pol'),
(18, 'Radosław', 'Mroczkowski', '1965-05-18', 'pol'),
(19, 'Maciej', 'Skorża', '1971-12-10', 'pol'),
(20, 'Dariusz', 'Żuraw', '1972-09-20', 'pol'),
(21, 'Jacek', 'Magiera', '1977-09-12', 'pol'),
(22, 'Leszek', 'Ojrzyński', '1966-03-27', 'pol'),
(23, 'Matúš', 'Urban', '2004-10-20', 'svk'),
(24, 'Adam', 'Krajčír', '2005-05-12', 'svk'),
(25, 'Jozef', 'Horvát', '2006-03-17', 'svk'),
(26, 'Marcin', 'Brosz', '1974-02-18', 'pol'),
(27, 'Rafał', 'Ulatowski', '1976-10-22', 'pol'),
(28, 'Piotr', 'Mandrysz', '1978-11-17', 'pol'),
(29, 'Ryszard', 'Tarasiewicz', '1956-01-10', 'pol'),
(30, 'Waldemar', 'Sobota', '1958-09-17', 'pol'),
(31, 'Kamil', 'Jóźwiak', '1998-04-22', 'pol'),
(32, 'Sebastian', 'Szymański', '1999-01-04', 'pol'),
(33, 'Sebastian', 'Walukiewicz', '2000-04-05', 'pol'),
(34, 'Jakub', 'Świerczok', '1992-01-23', 'pol'),
(35, 'Bartosz', 'Kapustka', '1996-12-23', 'pol'),
(36, 'Paweł', 'Dawidowicz', '1995-05-20', 'pol'),
(37, 'Uldis', 'Dombrovskis', '1991-05-05', 'lva'),
(38, 'Pēteris', 'Vilks', '1993-11-10', 'lva'),
(39, 'Valdis', 'Zariņš', '1987-09-28', 'lva'),
(40, 'Karol', 'Świderski', '1997-07-28', 'pol'),
(41, 'Piotr', 'Parzyszek', '1993-07-08', 'pol'),
(42, 'Szymon', 'Żurkowski', '1997-05-22', 'pol'),
(43, 'Kacper', 'Chorążka', '1999-05-15', 'pol'),
(44, 'Mateusz', 'Lis', '1998-05-18', 'pol'),
(45, 'Bartosz', 'Bida', '1998-07-27', 'pol'),
(46, 'Mateusz', 'Bogusz', '2001-08-22', 'pol'),
(47, 'Filip', 'Marchwiński', '1997-10-23', 'pol'),
(48, 'Jan', 'Kowalski', '1990-01-01', 'pol'),
(49, 'Piotr', 'Nowak', '1992-03-15', 'pol'),
(50, 'Marek', 'Wiśniewski', '1988-07-20', 'pol'),
(51, 'Aleksander', 'Dąbrowski', '1995-12-05', 'pol'),
(52, 'Michał', 'Lewandowski', '1987-09-10', 'pol'),
(53, 'Krzysztof', 'Wójcik', '1993-06-22', 'pol'),
(54, 'John', 'Smith', '1991-05-05', 'usa'),
(55, 'Michael', 'Williams', '1987-09-28', 'usa'),
(56, 'James', 'Brown', '1990-04-18', 'usa'),
(57, 'David', 'Davis', '1994-08-12', 'usa'),
(58, 'Sven', 'Andersen', '1985-12-03', 'ger'),
(59, 'Lena', 'Müller', '1990-08-18', 'ger'),
(60, 'Max', 'Schmidt', '1994-02-22', 'ger'),
(61, 'Niklas', 'Fischer', '1989-10-25', 'ger'),
(62, 'Kamil', 'Jankowski', '1990-01-01', 'pol'),
(63, 'Bartosz', 'Zieliński', '1992-03-15', 'pol'),
(64, 'Łukasz', 'Kamiński', '1988-07-20', 'pol'),
(65, 'Adrian', 'Zawadzki', '1995-12-05', 'pol'),
(66, 'Tomasz', 'Szymański', '1987-09-10', 'pol'),
(67, 'Paweł', 'Woźniak', '1993-06-22', 'pol'),
(68, 'John', 'Smith', '1991-05-05', 'usa'),
(69, 'Michael', 'Williams', '1987-09-28', 'usa'),
(70, 'James', 'Brown', '1990-04-18', 'usa'),
(71, 'David', 'Davis', '1994-08-12', 'usa'),
(72, 'Sven', 'Andersen', '1985-12-03', 'ger'),
(73, 'Lena', 'Müller', '1990-08-18', 'ger'),
(74, 'Max', 'Schmidt', '1994-02-22', 'ger'),
(75, 'Krzysztof', 'Nowak', '1990-01-01', 'pol'),
(76, 'Maciej', 'Kowalczyk', '1992-03-15', 'pol'),
(77, 'Wojciech', 'Lis', '1988-07-20', 'pol'),
(78, 'Arkadiusz', 'Kwiatkowski', '1995-12-05', 'pol'),
(79, 'Tadeusz', 'Duda', '1987-09-10', 'pol'),
(80, 'Grzegorz', 'Kowalski', '1993-06-22', 'pol'),
(81, 'Piotr', 'Adamczyk', '1991-05-05', 'pol'),
(82, 'Antti', 'Lehtonen', '1987-09-10', 'fin'),
(83, 'Timo', 'Laine', '1993-06-22', 'fin'),
(84, 'Mariusz', 'Zając', '1993-11-10', 'pol'),
(85, 'Artur', 'Kaczmarek', '1987-09-28', 'pol'),
(86, 'Rafał', 'Wieczorek', '1990-04-18', 'pol'),
(87, 'Łukasz', 'Wojciechowski', '1994-08-12', 'pol'),
(88, 'Dawid', 'Witkowski', '1990-01-01', 'pol'),
(89, 'Bartłomiej', 'Sikora', '1992-03-15', 'pol'),
(90, 'Nils', 'Larsen', '1993-06-22', 'nor'),
(91, 'Ole', 'Sørensen', '1991-05-05', 'nor'),
(92, 'Damian', 'Dąbek', '1988-07-20', 'pol'),
(93, 'Radosław', 'Mazurek', '1995-12-05', 'pol'),
(94, 'Szymon', 'Urban', '1987-09-10', 'pol'),
(95, 'Kacper', 'Krupa', '1993-06-22', 'pol'),
(96, 'Miguel', 'Pérez', '1993-11-10', 'esp'),
(97, 'José', 'Romero', '1987-09-28', 'esp'),
(98, 'Ángel', 'Jiménez', '1996-08-17', 'esp'),
(99, 'Alexander', 'Johnson', '1993-11-10', 'usa'),
(100, 'Hubert', 'Olejnik', '1991-05-05', 'pol'),
(101, 'Krystian', 'Baran', '1993-11-10', 'pol'),
(102, 'Mateusz', 'Kałuża', '1987-09-28', 'pol'),
(103, 'Tomasz', 'Rutkowski', '1990-04-18', 'pol'),
(104, 'Sebastian', 'Rogala', '1994-08-12', 'pol'),
(105, 'Dominik', 'Krawczyk', '1990-01-01', 'pol'),
(106, 'Mikołaj', 'Walczak', '1992-03-15', 'pol'),
(107, 'Norbert', 'Kaczmarczyk', '1988-07-20', 'pol'),
(108, 'Oskar', 'Czarnecki', '1995-12-05', 'pol'),
(109, 'Patryk', 'Sawicki', '1987-09-10', 'pol'),
(110, 'Rafał', 'Kubiak', '1993-06-22', 'pol'),
(111, 'Sławomir', 'Pawlak', '1991-05-05', 'pol'),
(112, 'Tymoteusz', 'Sobczak', '1993-11-10', 'pol'),
(113, 'Witold', 'Baranowski', '1987-09-28', 'pol'),
(114, 'Xawery', 'Gajewski', '1990-04-18', 'pol'),
(115, 'Zbigniew', 'Kaczor', '1994-08-12', 'pol'),
(116, 'Marcin', 'Kowalczyk', '1990-01-01', 'pol'),
(117, 'Karol', 'Lis', '1992-03-15', 'pol'),
(118, 'Paweł', 'Mazurek', '1988-07-20', 'pol'),
(119, 'Bartosz', 'Dąbek', '1995-12-05', 'pol'),
(120, 'Kamil', 'Szymański', '1987-09-10', 'pol'),
(121, 'Michał', 'Woźniak', '1993-06-22', 'pol'),
(122, 'Marek', 'Nowak', '1991-05-05', 'pol'),
(123, 'Grzegorz', 'Kowalski', '1993-11-10', 'pol'),
(124, 'Tomasz', 'Adamczyk', '1987-09-28', 'pol'),
(125, 'Mateusz', 'Zając', '1990-04-18', 'pol'),
(126, 'Łukasz', 'Johnson', '1994-08-12', 'usa'),
(127, 'Sven', 'Müller', '1990-08-18', 'ger'),
(128, 'Max', 'Schmidt', '1994-02-22', 'ger'),
(129, 'Niklas', 'Fischer', '1989-10-25', 'ger'),
(130, 'Mateusz', 'Nowak', '1990-01-01', 'pol'),
(131, 'Kamil', 'Kowalczyk', '1992-03-15', 'pol'),
(132, 'Bartosz', 'Lis', '1988-07-20', 'pol'),
(133, 'Piotr', 'Mazurek', '1995-12-05', 'pol'),
(134, 'Marcin', 'Szymański', '1987-09-10', 'pol'),
(135, 'Karol', 'Woźniak', '1993-06-22', 'pol'),
(136, 'Michał', 'Nowak', '1991-05-05', 'pol'),
(137, 'Adam', 'Kowalski', '1993-11-10', 'pol'),
(138, 'Grzegorz', 'Adamczyk', '1987-09-28', 'pol'),
(139, 'Tomasz', 'Zając', '1990-04-18', 'pol'),
(140, 'Łukasz', 'Johnson', '1994-08-12', 'usa'),
(141, 'Sven', 'Müller', '1990-08-18', 'ger'),
(142, 'Max', 'Schmidt', '1994-02-22', 'ger'),
(143, 'Niklas', 'Fischer', '1989-10-25', 'ger'),
(144, 'Kacper', 'Kaczmarek', '1990-01-01', 'pol'),
(145, 'Patryk', 'Zawadzki', '1992-03-15', 'pol'),
(146, 'Michał', 'Sikora', '1988-07-20', 'pol'),
(147, 'Paweł', 'Kaźmierczak', '1995-12-05', 'pol'),
(148, 'Bartosz', 'Olszewski', '1987-09-10', 'pol'),
(149, 'Tomasz', 'Jaworski', '1993-06-22', 'pol'),
(150, 'Grzegorz', 'Krawczyk', '1991-05-05', 'pol'),
(151, 'Kamil', 'Dudek', '1993-11-10', 'pol'),
(152, 'Piotr', 'Majewski', '1987-09-28', 'pol'),
(153, 'Adam', 'Wojciechowski', '1990-04-18', 'pol'),
(154, 'Damian', 'Sobczyk', '1994-08-12', 'pol'),
(155, 'Marek', 'Grabowski', '1990-10-20', 'pol'),
(156, 'Łukasz', 'Johnson', '1994-08-12', 'usa'),
(157, 'Sven', 'Müller', '1990-08-18', 'ger'),
(158, 'Max', 'Schmidt', '1994-02-22', 'ger'),
(159, 'Niklas', 'Fischer', '1989-10-25', 'ger'),
(160, 'Bartosz', 'Kowalczyk', '1990-01-01', 'pol'),
(161, 'Mateusz', 'Lis', '1992-03-15', 'pol'),
(162, 'Patryk', 'Mazurek', '1988-07-20', 'pol'),
(163, 'Kamil', 'Dąbek', '1995-12-05', 'pol'),
(164, 'Tomasz', 'Szymański', '1987-09-10', 'pol'),
(165, 'Michał', 'Woźniak', '1993-06-22', 'pol'),
(166, 'Grzegorz', 'Nowak', '1991-05-05', 'pol'),
(167, 'Adam', 'Kowalski', '1993-11-10', 'pol'),
(168, 'Piotr', 'Adamczyk', '1987-09-28', 'pol'),
(169, 'Damian', 'Zając', '1990-04-18', 'pol'),
(170, 'Szymon', 'Kaczmarek', '1994-08-12', 'pol'),
(171, 'Marcin', 'Jaworski', '1990-10-20', 'pol'),
(172, 'Jan', 'Novák', '1994-08-12', 'cze'),
(173, 'Petr', 'Svoboda', '1990-08-18', 'cze'),
(174, 'Tomáš', 'Novotný', '1994-02-22', 'cze'),
(175, 'Lukáš', 'Kučera', '1989-10-25', 'cze'),
(176, 'Mateusz', 'Nowak', '1990-01-01', 'pol'),
(177, 'Kamil', 'Kowalczyk', '1992-03-15', 'pol'),
(178, 'Bartosz', 'Lis', '1988-07-20', 'pol'),
(179, 'Piotr', 'Mazurek', '1995-12-05', 'pol'),
(180, 'Tomasz', 'Szymański', '1987-09-10', 'pol'),
(181, 'Michał', 'Woźniak', '1993-06-22', 'pol'),
(182, 'Grzegorz', 'Kowalski', '1991-05-05', 'pol'),
(183, 'Adam', 'Kowalski', '1993-11-10', 'pol'),
(184, 'Paweł', 'Adamczyk', '1987-09-28', 'pol'),
(185, 'Damian', 'Zając', '1990-04-18', 'pol'),
(186, 'Szymon', 'Kaczmarek', '1994-08-12', 'pol'),
(187, 'Marcin', 'Jaworski', '1990-10-20', 'pol'),
(188, 'Jakub', 'Novák', '1994-08-12', 'svk'),
(189, 'Marek', 'Svoboda', '1990-08-18', 'svk'),
(190, 'Peter', 'Novotný', '1994-02-22', 'svk'),
(191, 'Kamil', 'Nowak', '2000-01-01', 'pol'),
(192, 'Bartosz', 'Kowalczyk', '2001-03-15', 'pol'),
(193, 'Mateusz', 'Lis', '2002-07-20', 'pol'),
(194, 'Piotr', 'Mazurek', '2003-12-05', 'pol'),
(195, 'Tomasz', 'Szymański', '2004-09-10', 'pol'),
(196, 'Michał', 'Woźniak', '2005-06-22', 'pol'),
(197, 'Grzegorz', 'Kowalski', '2006-05-05', 'pol'),
(198, 'Adam', 'Kowalski', '2007-11-10', 'pol'),
(199, 'Paweł', 'Adamczyk', '2008-09-28', 'pol'),
(200, 'Damian', 'Zając', '2009-04-18', 'pol'),
(201, 'Szymon', 'Kaczmarek', '2010-08-12', 'pol'),
(202, 'Marcin', 'Jaworski', '2011-10-20', 'pol'),
(203, 'Jakub', 'Kowalczyk', '2012-05-12', 'pol'),
(204, 'Alexander', 'Johnson', '1993-11-10', 'usa'),
(205, 'Mikołaj', 'Lis', '2013-03-17', 'pol'),
(206, 'Filip', 'Nowak', '2014-02-23', 'pol'),
(207, 'Jan', 'Kowalski', '2015-09-09', 'pol'),
(208, 'Oskar', 'Mazurek', '2016-06-14', 'pol'),
(209, 'Alan', 'Woźniak', '2017-08-30', 'pol'),
(210, 'Karol', 'Kowalski', '2018-11-25', 'pol'),
(211, 'Norbert', 'Adamczyk', '2019-12-01', 'pol'),
(212, 'Jakub', 'Novák', '1993-01-01', 'svk'),
(213, 'Marek', 'Svoboda', '1994-03-15', 'svk'),
(214, 'Peter', 'Novotný', '1995-07-20', 'svk'),
(215, 'Martin', 'Kučera', '1996-12-05', 'svk'),
(216, 'Dominik', 'Sedlák', '1997-09-10', 'svk'),
(217, 'Miroslav', 'Marek', '1998-06-22', 'svk'),
(218, 'Ján', 'Kráľ', '1999-05-05', 'svk'),
(219, 'Erik', 'Baláž', '2000-11-10', 'svk'),
(220, 'Viktor', 'Varga', '2001-09-28', 'svk'),
(221, 'Tomáš', 'Polák', '2002-04-18', 'svk'),
(222, 'Filip', 'Hruška', '2003-08-12', 'svk'),
(223, 'Samuel', 'Král', '2007-02-23', 'svk'),
(224, 'János', 'Nagy', '2008-09-09', 'svk'),
(225, 'Marcel', 'Tóth', '2009-06-14', 'svk'),
(226, 'Oliver', 'Molnár', '2010-08-30', 'svk'),
(227, 'Dávid', 'Farkas', '2011-11-25', 'svk'),
(228, 'Bence', 'Szabó', '2012-12-01', 'svk'),
(229, 'Ivan', 'Petrov', '1987-01-01', 'ukr'),
(230, 'Oleksandr', 'Ivanov', '1988-03-15', 'ukr'),
(231, 'Andrii', 'Kovalenko', '1989-07-20', 'ukr'),
(232, 'Dmytro', 'Kovalchuk', '1990-12-05', 'ukr'),
(233, 'Serhii', 'Sydorenko', '1991-09-10', 'ukr'),
(234, 'Mykola', 'Oleksiy', '1992-06-22', 'ukr'),
(235, 'Oleksii', 'Zaytsev', '1999-05-12', 'ukr'),
(236, 'Denys', 'Vasyliev', '2000-03-17', 'ukr'),
(237, 'Yaroslav', 'Kravets', '2001-02-23', 'ukr'),
(238, 'Viktor', 'Melnik', '2002-09-09', 'ukr'),
(239, 'Ihor', 'Kovalchuk', '2003-06-14', 'ukr'),
(240, 'Anton', 'Ponomarenko', '2004-08-30', 'ukr'),
(241, 'Bogdan', 'Kuznetsov', '2005-11-25', 'ukr'),
(242, 'Roman', 'Yermakov', '2006-12-01', 'ukr'),
(243, 'Bartosz', 'Nowak', '1993-01-01', 'pol'),
(244, 'Kamil', 'Kowalczyk', '1994-03-15', 'pol'),
(245, 'Mateusz', 'Lis', '1995-07-20', 'pol'),
(246, 'Piotr', 'Mazurek', '1996-12-05', 'pol'),
(247, 'Tomasz', 'Szymański', '1997-09-10', 'pol'),
(248, 'Michał', 'Woźniak', '1998-06-22', 'pol'),
(249, 'Francisco', 'Díaz', '1990-04-18', 'esp'),
(250, 'David', 'Muñoz', '1994-02-28', 'esp'),
(251, 'Adrián', 'Ruiz', '1989-10-12', 'esp'),
(252, 'Grzegorz', 'Kowalski', '1999-05-05', 'pol'),
(253, 'Adam', 'Kowalski', '2000-11-10', 'pol'),
(254, 'Paweł', 'Adamczyk', '2001-09-28', 'pol'),
(255, 'Damian', 'Zając', '2002-04-18', 'pol'),
(256, 'Szymon', 'Kaczmarek', '2003-08-12', 'pol'),
(257, 'Martin', 'Kučera', '1989-10-25', 'svk'),
(258, 'Marcin', 'Jaworski', '2004-10-20', 'pol'),
(259, 'Jakub', 'Kowalczyk', '2005-05-12', 'pol'),
(260, 'Mikołaj', 'Lis', '2006-03-17', 'pol'),
(261, 'Filip', 'Nowak', '2007-02-23', 'pol'),
(262, 'Jan', 'Kowalski', '2008-09-09', 'pol'),
(263, 'Oskar', 'Mazurek', '2009-06-14', 'pol'),
(264, 'Alan', 'Woźniak', '2010-08-30', 'pol'),
(265, 'Karol', 'Kowalski', '2011-11-25', 'pol'),
(266, 'Norbert', 'Adamczyk', '2012-12-01', 'pol'),
(267, 'Marek', 'Kowalski', '1993-01-01', 'pol'),
(268, 'Dominik', 'Müller', '1992-03-15', 'aut'),
(269, 'Fabian', 'Wagner', '1988-07-20', 'aut'),
(270, 'Leon', 'Gruber', '1995-12-05', 'aut'),
(271, 'Bartłomiej', 'Lis', '1994-03-15', 'pol'),
(272, 'Kacper', 'Nowak', '1995-07-20', 'pol'),
(273, 'Paweł', 'Mazurek', '1996-12-05', 'pol'),
(274, 'Tomasz', 'Szymański', '1997-09-10', 'pol'),
(275, 'Michał', 'Woźniak', '1998-06-22', 'pol'),
(276, 'Grzegorz', 'Kowalski', '1999-05-05', 'pol'),
(277, 'Adam', 'Kowalski', '2000-11-10', 'pol'),
(278, 'Piotr', 'Adamczyk', '2001-09-28', 'pol'),
(279, 'Vitalii', 'Symonenko', '1993-05-05', 'ukr'),
(280, 'Yevhen', 'Ivanenko', '1994-11-10', 'ukr'),
(281, 'Artem', 'Koval', '1995-09-28', 'ukr'),
(282, 'Volodymyr', 'Pavlov', '1996-04-18', 'ukr'),
(283, 'Maksym', 'Shevchenko', '1997-08-12', 'ukr'),
(284, 'Pavlo', 'Havryliuk', '1998-10-20', 'ukr'),
(285, 'Damian', 'Zając', '2002-04-18', 'pol'),
(286, 'Szymon', 'Kaczmarek', '2003-08-12', 'pol'),
(287, 'Marcin', 'Jaworski', '2004-10-20', 'pol'),
(288, 'Jakub', 'Kowalczyk', '2005-05-12', 'pol'),
(289, 'Mikołaj', 'Lis', '2006-03-17', 'pol'),
(290, 'Filip', 'Nowak', '2007-02-23', 'pol'),
(291, 'Norbert', 'Adamczyk', '2012-12-01', 'pol'),
(292, 'Lukas', 'Petraitis', '1990-01-01', 'ltu'),
(293, 'Marius', 'Kazlauskas', '1992-03-15', 'ltu'),
(294, 'Tomas', 'Jankauskas', '1988-07-20', 'ltu'),
(295, 'Andrius', 'Lukosius', '1995-12-05', 'ltu'),
(296, 'Darius', 'Gedminas', '1987-09-10', 'ltu'),
(297, 'Artūras', 'Paulauskas', '1993-06-22', 'ltu'),
(298, 'Jan', 'Kowalski', '2008-09-09', 'pol'),
(299, 'Oskar', 'Mazurek', '2009-06-14', 'pol'),
(300, 'Alan', 'Woźniak', '2010-08-30', 'pol'),
(301, 'Karol', 'Kowalski', '2011-11-25', 'pol'),
(302, 'Gediminas', 'Bartkus', '1991-05-05', 'ltu'),
(303, 'Kęstutis', 'Vaitkus', '1993-11-10', 'ltu'),
(304, 'Rolandas', 'Gudaitis', '1987-09-28', 'ltu'),
(305, 'Žygimantas', 'Urbonas', '1990-04-18', 'ltu'),
(306, 'Juris', 'Bērziņš', '1990-01-01', 'lva'),
(307, 'Andris', 'Ozoliņš', '1992-03-15', 'lva'),
(308, 'Jānis', 'Liepiņš', '1988-07-20', 'lva'),
(309, 'Guntis', 'Pētersons', '1995-12-05', 'lva'),
(310, 'Artūrs', 'Saulietis', '1987-09-10', 'lva'),
(311, 'Māris', 'Kalniņš', '1993-06-22', 'lva'),
(312, 'Aigars', 'Lūsis', '1990-04-18', 'lva'),
(313, 'Mart', 'Tamm', '1990-01-01', 'est'),
(314, 'Jaan', 'Kask', '1992-03-15', 'est'),
(315, 'Andres', 'Mägi', '1988-07-20', 'est'),
(316, 'Toomas', 'Koppel', '1995-12-05', 'est'),
(317, 'Priit', 'Kuusk', '1987-09-10', 'est'),
(318, 'Madis', 'Pärn', '1993-06-22', 'est'),
(319, 'Mihkel', 'Kask', '1991-05-05', 'est'),
(320, 'Siim', 'Laanemaa', '1993-11-10', 'est'),
(321, 'Tõnis', 'Kivimägi', '1987-09-28', 'est'),
(322, 'Henrik', 'Kala', '1990-04-18', 'est'),
(323, 'Erik', 'Andersson', '1990-01-01', 'swe'),
(324, 'Gustav', 'Johansson', '1992-03-15', 'swe'),
(325, 'Axel', 'Larsson', '1988-07-20', 'swe'),
(326, 'Oskar', 'Nilsson', '1995-12-05', 'swe'),
(327, 'Nils', 'Eriksson', '1987-09-10', 'swe'),
(328, 'Olle', 'Svensson', '1993-06-22', 'swe'),
(329, 'Viktor', 'Gustafsson', '1991-05-05', 'swe'),
(330, 'Björn', 'Pettersson', '1993-11-10', 'swe'),
(331, 'Lars', 'Berg', '1987-09-28', 'swe'),
(332, 'Henrik', 'Carlsson', '1990-04-18', 'swe'),
(333, 'Olav', 'Hansen', '1990-01-01', 'nor'),
(334, 'Lars', 'Andersen', '1992-03-15', 'nor'),
(335, 'Erik', 'Kristensen', '1988-07-20', 'nor'),
(336, 'Gunnar', 'Olsen', '1995-12-05', 'nor'),
(337, 'Bjørn', 'Pedersen', '1987-09-10', 'nor'),
(338, 'Andreas', 'Johansen', '1993-11-10', 'nor'),
(339, 'Hans', 'Berg', '1987-09-28', 'nor'),
(340, 'Mats', 'Eriksen', '1990-04-18', 'nor'),
(341, 'Mikko', 'Virtanen', '1990-01-01', 'fin'),
(342, 'Eero', 'Järvinen', '1992-03-15', 'fin'),
(343, 'Pekka', 'Mäkinen', '1988-07-20', 'fin'),
(344, 'Jari', 'Korhonen', '1995-12-05', 'fin'),
(345, 'Juha', 'Koskinen', '1991-05-05', 'fin'),
(346, 'Sami', 'Heikkinen', '1993-11-10', 'fin'),
(347, 'Toni', 'Lahtinen', '1987-09-28', 'fin'),
(348, 'Eetu', 'Nieminen', '1990-04-18', 'fin'),
(349, 'Mariusz', 'Kowalczyk', '1993-01-01', 'pol'),
(350, 'Błażej', 'Lis', '1994-03-15', 'pol'),
(351, 'Krzysztof', 'Nowak', '1995-07-20', 'pol'),
(352, 'Gonçalo', 'Nunes', '1990-04-18', 'por'),
(353, 'Luís', 'Oliveira', '1994-02-28', 'por'),
(354, 'António', 'Ribeiro', '1989-10-12', 'por'),
(355, 'Fábio', 'Almeida', '1996-08-17', 'por'),
(356, 'Łukasz', 'Mazurek', '1996-12-05', 'pol'),
(357, 'Adrian', 'Szymański', '1997-09-10', 'pol'),
(358, 'Piotr', 'Woźniak', '1998-06-22', 'pol'),
(359, 'Rafał', 'Kowalski', '1999-05-05', 'pol'),
(360, 'Tomasz', 'Kowalski', '2000-11-10', 'pol'),
(361, 'Bruno', 'Dias', '1987-09-28', 'por'),
(362, 'Rui', 'Cruz', '1998-07-03', 'por'),
(363, 'Sérgio', 'Carvalho', '1997-11-21', 'por'),
(364, 'Bartosz', 'Adamczyk', '2001-09-28', 'pol'),
(365, 'Michał', 'Zając', '2002-04-18', 'pol'),
(366, 'Mateusz', 'Kaczmarek', '2003-08-12', 'pol'),
(367, 'Patryk', 'Jaworski', '2004-10-20', 'pol'),
(368, 'Damian', 'Kowalczyk', '2005-05-12', 'pol'),
(369, 'Szymon', 'Lis', '2006-03-17', 'pol'),
(370, 'Filip', 'Nowak', '2007-02-23', 'pol'),
(371, 'Jan', 'Kowalski', '2008-09-09', 'pol'),
(372, 'Oskar', 'Mazurek', '2009-06-14', 'pol'),
(373, 'Alan', 'Woźniak', '2010-08-30', 'pol'),
(374, 'Karol', 'Kowalski', '2011-11-25', 'pol'),
(375, 'Norbert', 'Adamczyk', '2012-12-01', 'pol'),
(376, 'Sebastian', 'Huber', '1990-01-01', 'aut'),
(377, 'Simon', 'Fischer', '1987-09-10', 'aut'),
(378, 'Diogo', 'Santos', '1990-01-01', 'por'),
(379, 'João', 'Silva', '1992-03-15', 'por'),
(380, 'Miguel', 'Fernandes', '1988-07-20', 'por'),
(381, 'Ricardo', 'Pereira', '1995-12-05', 'por'),
(382, 'Hugo', 'Gomes', '1987-09-10', 'por'),
(383, 'Pedro', 'Rodrigues', '1993-06-22', 'por'),
(384, 'André', 'Costa', '1991-05-05', 'por'),
(385, 'Daniel', 'Martins', '1993-11-10', 'por'),
(386, 'Javier', 'García', '1990-01-01', 'esp'),
(387, 'Carlos', 'Martínez', '1992-03-15', 'esp'),
(388, 'Alejandro', 'López', '1988-07-20', 'esp'),
(389, 'Pablo', 'Sánchez', '1993-06-22', 'esp'),
(390, 'Jorge', 'González', '1991-05-05', 'esp'),
(391, 'Diego', 'Fernández', '1998-07-03', 'esp'),
(392, 'Sergio', 'Vázquez', '1997-11-21', 'esp'),
(393, 'Jan', 'Kowalski', '1990-01-01', 'pol'),
(394, 'Adam', 'Nowak', '1992-02-02', 'pol'),
(395, 'Piotr', 'Wiśniewski', '1988-03-03', 'pol'),
(396, 'Krzysztof', 'Dąbrowski', '1997-04-04', 'pol'),
(397, 'Andrzej', 'Lewandowski', '1990-05-05', 'pol'),
(398, 'Marek', 'Wójcik', '1985-06-06', 'pol'),
(399, 'Tomasz', 'Kamiński', '1994-07-07', 'pol'),
(400, 'Paweł', 'Kowalczyk', '1993-08-08', 'pol'),
(401, 'Łukasz', 'Zieliński', '1996-09-09', 'pol'),
(402, 'Marcin', 'Szymański', '1991-10-10', 'pol'),
(403, 'Jakub', 'Woźniak', '1987-11-11', 'pol'),
(404, 'Dawid', 'Kozłowski', '1992-12-12', 'pol'),
(405, 'Szymon', 'Jankowski', '1988-01-13', 'pol'),
(406, 'Bartosz', 'Wojciechowski', '1995-02-14', 'pol'),
(407, 'Michał', 'Kwiatkowski', '1990-03-15', 'pol'),
(408, 'Karol', 'Mazur', '1986-04-16', 'pol'),
(409, 'Kamil', 'Krawczyk', '1993-05-17', 'pol'),
(410, 'Daniel', 'Kaczmarek', '1998-06-18', 'pol'),
(411, 'Mateusz', 'Piotrowski', '1994-07-19', 'pol'),
(412, 'Rafał', 'Grabowski', '1997-08-20', 'pol'),
(413, 'Konrad', 'Nowakowski', '1992-09-21', 'pol'),
(414, 'Sebastian', 'Wojcik', '1989-10-22', 'pol'),
(415, 'Kacper', 'Jabłoński', '1996-11-23', 'pol'),
(416, 'Bartłomiej', 'Król', '1991-12-24', 'pol'),
(417, 'Maciej', 'Zając', '1987-01-25', 'pol'),
(418, 'Marcin', 'Nowak', '1990-01-01', 'pol'),
(419, 'Tadeusz', 'Kowalski', '1992-02-02', 'pol'),
(420, 'Roman', 'Wiśniewski', '1988-03-03', 'pol'),
(421, 'Zbigniew', 'Dąbrowski', '1997-04-04', 'pol'),
(422, 'Wiesław', 'Lewandowski', '1990-05-05', 'pol'),
(423, 'Bogdan', 'Wójcik', '1985-06-06', 'pol'),
(424, 'Mieczysław', 'Kamiński', '1994-07-07', 'pol'),
(425, 'Kazimierz', 'Kowalczyk', '1993-08-08', 'pol'),
(426, 'Dariusz', 'Zieliński', '1996-09-09', 'pol'),
(427, 'Leszek', 'Szymański', '1991-10-10', 'pol'),
(428, 'Zdzisław', 'Woźniak', '1987-11-11', 'pol'),
(429, 'Bartłomiej', 'Kozłowski', '1992-12-12', 'pol'),
(430, 'Henryk', 'Jankowski', '1988-01-13', 'pol'),
(431, 'Janusz', 'Wojciechowski', '1995-02-14', 'pol'),
(432, 'Tadeusz', 'Kwiatkowski', '1990-03-15', 'pol'),
(433, 'Czesław', 'Mazur', '1986-04-16', 'pol'),
(434, 'Władysław', 'Krawczyk', '1993-05-17', 'pol'),
(435, 'Edward', 'Kaczmarek', '1998-06-18', 'pol'),
(436, 'Robert', 'Piotrowski', '1994-07-19', 'pol'),
(437, 'Jerzy', 'Grabowski', '1997-08-20', 'pol'),
(438, 'Antoni', 'Nowakowski', '1992-09-21', 'pol'),
(439, 'Waldemar', 'Wojcik', '1989-10-22', 'pol'),
(440, 'Dawid', 'Jabłoński', '1996-11-23', 'pol'),
(441, 'Jan', 'Król', '1991-12-24', 'pol'),
(442, 'Marek', 'Zając', '1987-01-25', 'pol'),
(443, 'Juan', 'García', '1985-02-26', 'esp'),
(444, 'Elena', 'Rodriguez', '1990-03-27', 'esp'),
(445, 'Giovanni', 'Rossi', '1995-04-28', 'ita'),
(446, 'Sophie', 'Dubois', '1988-05-29', 'fra'),
(447, 'Ahmed', 'Ali', '1993-06-30', 'egy'),
(448, 'Marian', 'Nowak', '1990-01-01', 'pol'),
(449, 'Krzysztof', 'Kowalski', '1985-03-15', 'pol'),
(450, 'Paweł', 'Wiśniewski', '1992-07-20', 'pol'),
(451, 'Jan', 'Jankowski', '1988-11-10', 'pol'),
(452, 'Adam', 'Woźniak', '1995-04-30', 'pol'),
(453, 'Michał', 'Lewandowski', '1987-06-25', 'pol'),
(454, 'Piotr', 'Dąbrowski', '1993-09-17', 'pol'),
(455, 'Tomasz', 'Szymański', '1991-12-05', 'pol'),
(456, 'Łukasz', 'Kaczmarek', '1984-02-28', 'pol'),
(457, 'Andrzej', 'Zieliński', '1994-10-12', 'pol'),
(458, 'Rafał', 'Sadowski', '1989-08-08', 'pol'),
(459, 'Grzegorz', 'Nowakowski', '1996-05-22', 'pol'),
(460, 'Jakub', 'Wojciechowski', '1986-07-03', 'pol'),
(461, 'Adrian', 'Kaminski', '1997-11-29', 'pol'),
(462, 'Damian', 'Kubiak', '1998-03-14', 'pol'),
(463, 'Artur', 'Pawlak', '1983-09-19', 'pol'),
(464, 'Patryk', 'Zając', '1999-06-11', 'pol'),
(465, 'Robert', 'Sikorski', '1982-01-07', 'pol'),
(466, 'Mateusz', 'Malinowski', '1990-04-25', 'pol'),
(467, 'Łukasz', 'Górski', '1987-12-30', 'pol'),
(468, 'John', 'Smith', '1980-06-20', 'usa'),
(469, 'Carlos', 'García', '1993-02-12', 'esp'),
(470, 'Ahmed', 'Khan', '1987-09-05', 'sui'),
(471, 'Jean-Luc', 'Dubois', '1995-11-18', 'fra'),
(472, 'Ivan', 'Petrov', '1991-04-03', 'est'),
(473, 'Marcin', 'Kowalczyk', '1992-08-11', 'pol'),
(474, 'Szymon', 'Lis', '1986-12-28', 'pol'),
(475, 'Wojciech', 'Kowal', '1994-05-09', 'pol'),
(476, 'Marek', 'Adamczyk', '1989-02-15', 'pol'),
(477, 'Bartosz', 'Pawlowski', '1996-07-22', 'pol'),
(478, 'Kamil', 'Wójcik', '1993-09-30', 'pol'),
(479, 'Dawid', 'Michalski', '1991-11-05', 'pol'),
(480, 'Radosław', 'Zawadzki', '1984-04-18', 'pol'),
(481, 'Karol', 'Olszewski', '1997-10-24', 'pol'),
(482, 'Sebastian', 'Jabłoński', '1983-06-06', 'pol'),
(483, 'Tadeusz', 'Nowicki', '1988-03-19', 'pol'),
(484, 'Mateusz', 'Kaczmarczyk', '1995-01-13', 'pol'),
(485, 'Łukasz', 'Grabowski', '1999-08-27', 'pol'),
(486, 'Hubert', 'Piotrowski', '1981-12-01', 'pol'),
(487, 'Daniel', 'Klimek', '1990-04-05', 'pol'),
(488, 'Patryk', 'Górka', '1998-02-09', 'pol'),
(489, 'Bartłomiej', 'Sikora', '1987-07-16', 'pol'),
(490, 'Maciej', 'Walczak', '1996-09-28', 'pol'),
(491, 'Tomasz', 'Wróbel', '1982-05-14', 'pol'),
(492, 'Łukasz', 'Sawicki', '1993-10-30', 'pol'),
(493, 'Ewa', 'Kowalczyk', '1990-06-17', 'pol'),
(494, 'Sophie', 'Dubois', '1985-08-23', 'fra'),
(495, 'Javier', 'García', '1992-11-20', 'esp'),
(496, 'Fadi', 'Ali', '1986-10-07', 'bgd'),
(497, 'Hiroshi', 'Yamamoto', '1994-03-25', 'jpn'),
(498, 'Marcin', 'Kowalczyk', '1992-08-11', 'pol'),
(499, 'Wojciech', 'Kowal', '1994-05-09', 'pol'),
(500, 'Marek', 'Adamczyk', '1989-02-15', 'pol'),
(501, 'Bartosz', 'Pawlowski', '1996-07-22', 'pol'),
(502, 'Kamil', 'Wójcik', '1993-09-30', 'pol'),
(503, 'Dawid', 'Michalski', '1991-11-05', 'pol'),
(504, 'Radosław', 'Zawadzki', '1984-04-18', 'pol'),
(505, 'Karol', 'Olszewski', '1997-10-24', 'pol'),
(506, 'Sebastian', 'Jabłoński', '1983-06-06', 'pol'),
(507, 'Tadeusz', 'Nowicki', '1988-03-19', 'pol'),
(508, 'Mateusz', 'Kaczmarczyk', '1995-01-13', 'pol'),
(509, 'Łukasz', 'Grabowski', '1999-08-27', 'pol'),
(510, 'Hubert', 'Piotrowski', '1981-12-01', 'pol'),
(511, 'Daniel', 'Klimek', '1990-04-05', 'pol'),
(512, 'Patryk', 'Górka', '1998-02-09', 'pol'),
(513, 'Bartłomiej', 'Sikora', '1987-07-16', 'pol'),
(514, 'Maciej', 'Walczak', '1996-09-28', 'pol'),
(515, 'Tomasz', 'Wróbel', '1982-05-14', 'pol'),
(516, 'Łukasz', 'Sawicki', '1993-10-30', 'pol'),
(517, 'Sophie', 'Dubois', '1985-08-23', 'fra'),
(518, 'Javier', 'García', '1992-11-20', 'esp'),
(519, 'Fadi', 'Ali', '1986-10-07', 'nzl'),
(520, 'Hiroshi', 'Yamamoto', '1994-03-25', 'jpn'),
(521, 'Miguel', 'Rodriguez', '1989-07-12', 'mex'),
(522, 'Antonio', 'Moreno', '1991-09-18', 'can'),
(523, 'Mateo', 'Gómez', '1984-12-03', 'zaf');

-- --------------------------------------------------------

--
-- Struktura tabeli dla tabeli `t_role`
--

CREATE TABLE `t_role` (
  `id_roli` varchar(255) NOT NULL,
  `nazwa_roli` varchar(255) DEFAULT NULL,
  `szczegoly_roli` varchar(255) DEFAULT NULL
) ENGINE=InnoDB DEFAULT CHARSET=utf8mb4 COLLATE=utf8mb4_0900_ai_ci;

--
-- Zrzut danych tabeli `t_role`
--

INSERT INTO `t_role` (`id_roli`, `nazwa_roli`, `szczegoly_roli`) VALUES
('asy', 'asystent trenera', 'wsparcie trenera'),
('ata', 'napastnik', 'strzelec zespołu'),
('bra', 'bramkarz', 'obrona bramki'),
('obr', 'obrońca', 'członek linii defensywnej'),
('pom', 'pomocnik', 'zawodnik wsparcia'),
('rez', 'rezerwowy', 'zapasowy zawodnik'),
('sed', 'sedzia główny', 'sędziowanie meczu'),
('trn', 'trener', 'kierowanie zespołem');

-- --------------------------------------------------------

--
-- Struktura tabeli dla tabeli `t_sezony`
--

CREATE TABLE `t_sezony` (
  `id_sezon` varchar(255) NOT NULL,
  `fk_id_liga` varchar(255) DEFAULT NULL,
  `przelom_lat` varchar(255) DEFAULT NULL,
  `liczba_awansujacych` int DEFAULT NULL,
  `liczba_spadajacych` int DEFAULT NULL,
  `kwalifikacja_do_puchary` int DEFAULT NULL,
  `zasady` varchar(765) DEFAULT NULL
) ENGINE=InnoDB DEFAULT CHARSET=utf8mb4 COLLATE=utf8mb4_0900_ai_ci;

--
-- Zrzut danych tabeli `t_sezony`
--

INSERT INTO `t_sezony` (`id_sezon`, `fk_id_liga`, `przelom_lat`, `liczba_awansujacych`, `liczba_spadajacych`, `kwalifikacja_do_puchary`, `zasady`) VALUES
('1pol2023/2024', '1pol', '2023/2024', 3, 3, 0, NULL),
('eks2023/2024', 'eks', '2023/2024', 0, 3, 4, NULL);

-- --------------------------------------------------------

--
-- Struktura tabeli dla tabeli `t_sklady`
--

CREATE TABLE `t_sklady` (
  `id_skladu` int NOT NULL,
  `fk_id_zespolu` varchar(255) DEFAULT NULL
) ENGINE=InnoDB DEFAULT CHARSET=utf8mb4 COLLATE=utf8mb4_0900_ai_ci;

--
-- Zrzut danych tabeli `t_sklady`
--

INSERT INTO `t_sklady` (`id_skladu`, `fk_id_zespolu`) VALUES
(1, 'ARK'),
(2, 'CHO'),
(3, 'CRZ'),
(4, 'GKS'),
(14, 'GZB'),
(5, 'JAG'),
(6, 'LEC'),
(7, 'LEG'),
(8, 'LPO'),
(9, 'MIE'),
(10, 'PAK'),
(11, 'PZN'),
(12, 'RKP'),
(15, 'SLP'),
(13, 'SLZ'),
(16, 'WDZ'),
(17, 'WLO'),
(18, 'WRK');

-- --------------------------------------------------------

--
-- Struktura tabeli dla tabeli `t_stadiony`
--

CREATE TABLE `t_stadiony` (
  `id_stadionu` varchar(255) NOT NULL,
  `pojemnosc_max` int DEFAULT NULL,
  `wlasciciel` varchar(255) DEFAULT NULL,
  `adres` varchar(255) DEFAULT NULL
) ENGINE=InnoDB DEFAULT CHARSET=utf8mb4 COLLATE=utf8mb4_0900_ai_ci;

--
-- Zrzut danych tabeli `t_stadiony`
--

INSERT INTO `t_stadiony` (`id_stadionu`, `pojemnosc_max`, `wlasciciel`, `adres`) VALUES
('ark-stadion', 25000, 'Arka Gdynia', 'ul. Gdańska 123, Gdynia'),
('cho-stadion', 18000, 'Chojniczanka Chojnice', 'ul. Sportowa 56, Chojnice'),
('crz-stadion', 33000, 'Cracovia', 'ul. Garbarska 15, Kraków'),
('gks-stadion', 20000, 'Górnik Łęczna', 'ul. Łęczyńska 99, Łęczna'),
('gzb-stadion', 32000, 'MOSiR Zabrze', 'ul. Górnicza 5, Zabrze'),
('jag-stadion', 22000, 'Jagiellonia Białystok', 'ul. Białostocka 77, Białystok'),
('lec-stadion', 42000, 'Lech Poznań', 'ul. Bułgarska 12, Poznań'),
('leg-stadion', 60000, 'Legia Warszawa', 'ul. Łazienkowska 3, Warszawa'),
('lpo-stadion', 34000, 'Lechia Gdańsk', 'ul. Gdańska 56, Gdańsk'),
('mie-stadion', 16000, 'Miedź Legnica', 'ul. Legnicka 22, Legnica'),
('pak-stadion', 19000, 'Puszcza Niepołomice', 'ul. Niepołomicka 8, Niepołomice'),
('pzn-stadion', 28000, 'Pogoń Szczecin', 'ul. Szczecińska 90, Szczecin'),
('rkp-stadion', 20000, 'Raków Częstochowa', 'ul. Częstochowska 11, Częstochowa'),
('slp-stadion', 15000, 'Stal Stalowa Wola', 'ul. Stalowa 14, Stalowa Wola'),
('slz-stadion', 44000, 'Miasto Wrocław', 'ul. Krakowska 23, Wrocław'),
('wdz-stadion', 30000, 'Widzew Łódź', 'ul. Łódzka 99, Łódź'),
('wlo-stadion', 28000, 'Warta Poznań', 'ul. Poznańska 66, Poznań'),
('wrk-stadion', 35000, 'Miasto Kraków', 'ul. Krakowska 23, Kraków');

-- --------------------------------------------------------

--
-- Struktura tabeli dla tabeli `t_typy_kontraktow`
--

CREATE TABLE `t_typy_kontraktow` (
  `id_typ_kontraktu` int NOT NULL,
  `nazwa_typu_kontraktu` varchar(255) DEFAULT NULL
) ENGINE=InnoDB DEFAULT CHARSET=utf8mb4 COLLATE=utf8mb4_0900_ai_ci;

--
-- Zrzut danych tabeli `t_typy_kontraktow`
--

INSERT INTO `t_typy_kontraktow` (`id_typ_kontraktu`, `nazwa_typu_kontraktu`) VALUES
(1, 'trenerski'),
(2, 'sztabowy'),
(3, 'piłkarski profesjonalny'),
(4, 'piłkarski juniorski'),
(5, 'piłkarski tymczasowy');

-- --------------------------------------------------------

--
-- Struktura tabeli dla tabeli `t_typ_akcji`
--

CREATE TABLE `t_typ_akcji` (
  `id_typu_akcji` int NOT NULL,
  `nazwa_akcji` varchar(255) DEFAULT NULL
) ENGINE=InnoDB DEFAULT CHARSET=utf8mb4 COLLATE=utf8mb4_0900_ai_ci;

--
-- Zrzut danych tabeli `t_typ_akcji`
--

INSERT INTO `t_typ_akcji` (`id_typu_akcji`, `nazwa_akcji`) VALUES
(1, 'Gol'),
(2, 'karny nietrafiony'),
(3, 'zolta kartka'),
(4, 'czerowna kartka');

-- --------------------------------------------------------

--
-- Struktura tabeli dla tabeli `t_typ_rundy`
--

CREATE TABLE `t_typ_rundy` (
  `id_typ_rundy` int NOT NULL,
  `nazwa_rundy` varchar(255) DEFAULT NULL
) ENGINE=InnoDB DEFAULT CHARSET=utf8mb4 COLLATE=utf8mb4_0900_ai_ci;

--
-- Zrzut danych tabeli `t_typ_rundy`
--

INSERT INTO `t_typ_rundy` (`id_typ_rundy`, `nazwa_rundy`) VALUES
(1, 'Wiosenna'),
(2, 'Jesienna');

-- --------------------------------------------------------

--
-- Struktura tabeli dla tabeli `t_uczestnicy`
--

CREATE TABLE `t_uczestnicy` (
  `id_uczestnika` int NOT NULL,
  `fk_id_rodzaj_roli` varchar(255) DEFAULT NULL,
  `fk_id_osoba` int DEFAULT NULL,
  `fk_id_sklad` int DEFAULT NULL
) ENGINE=InnoDB DEFAULT CHARSET=utf8mb4 COLLATE=utf8mb4_0900_ai_ci;

--
-- Zrzut danych tabeli `t_uczestnicy`
--

INSERT INTO `t_uczestnicy` (`id_uczestnika`, `fk_id_rodzaj_roli`, `fk_id_osoba`, `fk_id_sklad`) VALUES
(1, 'sed', 1, NULL),
(2, 'sed', 2, NULL),
(3, 'sed', 3, NULL),
(4, 'sed', 4, NULL),
(5, 'sed', 5, NULL),
(6, 'sed', 6, NULL),
(7, 'sed', 7, NULL),
(8, 'trn', 8, 1),
(9, 'trn', 9, 2),
(10, 'trn', 10, 3),
(11, 'trn', 11, 4),
(12, 'trn', 12, 5),
(13, 'trn', 13, 6),
(14, 'trn', 14, 7),
(15, 'trn', 15, 8),
(16, 'trn', 16, 9),
(17, 'trn', 17, 10),
(18, 'trn', 18, 11),
(19, 'trn', 19, 12),
(20, 'trn', 20, 13),
(21, 'trn', 21, 14),
(22, 'trn', 22, 15),
(23, 'trn', 23, 16),
(24, 'trn', 24, 17),
(25, 'asy', 25, 18),
(26, 'asy', 26, 1),
(27, 'asy', 27, 2),
(28, 'asy', 28, 3),
(29, 'asy', 29, 4),
(30, 'asy', 30, 5),
(31, 'asy', 31, 6),
(32, 'asy', 32, 7),
(33, 'asy', 33, 8),
(34, 'asy', 34, 9),
(35, 'asy', 35, 10),
(36, 'asy', 36, 11),
(37, 'asy', 37, 12),
(38, 'asy', 38, 13),
(39, 'asy', 39, 14),
(40, 'asy', 40, 15),
(41, 'asy', 41, 16),
(42, 'asy', 42, 17),
(43, 'asy', 43, 18),
(44, 'bra', 44, 1),
(45, 'obr', 45, 1),
(46, 'obr', 46, 1),
(47, 'obr', 47, 1),
(48, 'obr', 48, 1),
(49, 'pom', 49, 1),
(50, 'pom', 50, 1),
(51, 'pom', 51, 1),
(52, 'pom', 52, 1),
(53, 'ata', 53, 1),
(54, 'ata', 54, 1),
(55, 'rez', 55, 1),
(56, 'rez', 56, 1),
(57, 'rez', 57, 1),
(58, 'rez', 58, 1),
(59, 'rez', 59, 1),
(60, 'rez', 60, 1),
(61, 'rez', 61, 1),
(62, 'rez', 62, 1),
(63, 'rez', 63, 1),
(64, 'rez', 64, 1),
(65, 'rez', 65, 1),
(66, 'rez', 66, 1),
(67, 'rez', 67, 1),
(68, 'bra', 68, 2),
(69, 'obr', 69, 2),
(70, 'obr', 70, 2),
(71, 'obr', 71, 2),
(72, 'obr', 72, 2),
(73, 'pom', 73, 2),
(74, 'pom', 74, 2),
(75, 'pom', 75, 2),
(76, 'pom', 76, 2),
(77, 'ata', 77, 2),
(78, 'ata', 78, 2),
(79, 'rez', 79, 2),
(80, 'rez', 80, 2),
(81, 'rez', 81, 2),
(82, 'rez', 82, 2),
(83, 'rez', 83, 2),
(84, 'rez', 84, 2),
(85, 'rez', 85, 2),
(86, 'rez', 86, 2),
(87, 'rez', 87, 2),
(88, 'rez', 88, 2),
(89, 'rez', 89, 2),
(90, 'rez', 90, 2),
(91, 'rez', 91, 2),
(92, 'bra', 92, 3),
(93, 'obr', 93, 3),
(94, 'obr', 94, 3),
(95, 'obr', 95, 3),
(96, 'obr', 96, 3),
(97, 'pom', 97, 3),
(98, 'pom', 98, 3),
(99, 'pom', 99, 3),
(100, 'pom', 100, 3),
(101, 'ata', 101, 3),
(102, 'ata', 102, 3),
(103, 'rez', 103, 3),
(104, 'rez', 104, 3),
(105, 'rez', 105, 3),
(106, 'rez', 106, 3),
(107, 'rez', 107, 3),
(108, 'rez', 108, 3),
(109, 'rez', 109, 3),
(110, 'rez', 110, 3),
(111, 'rez', 111, 3),
(112, 'rez', 112, 3),
(113, 'rez', 113, 3),
(114, 'rez', 114, 3),
(115, 'rez', 115, 3),
(116, 'bra', 116, 4),
(117, 'obr', 117, 4),
(118, 'obr', 118, 4),
(119, 'obr', 119, 4),
(120, 'obr', 120, 4),
(121, 'pom', 121, 4),
(122, 'pom', 122, 4),
(123, 'pom', 123, 4),
(124, 'pom', 124, 4),
(125, 'ata', 125, 4),
(126, 'ata', 126, 4),
(127, 'rez', 127, 4),
(128, 'rez', 128, 4),
(129, 'rez', 129, 4),
(130, 'rez', 130, 4),
(131, 'rez', 131, 4),
(132, 'rez', 132, 4),
(133, 'rez', 133, 4),
(134, 'rez', 134, 4),
(135, 'rez', 135, 4),
(136, 'rez', 136, 4),
(137, 'rez', 137, 4),
(138, 'rez', 138, 4),
(139, 'rez', 139, 4),
(140, 'bra', 140, 5),
(141, 'obr', 141, 5),
(142, 'obr', 142, 5),
(143, 'obr', 143, 5),
(144, 'obr', 144, 5),
(145, 'pom', 145, 5),
(146, 'pom', 146, 5),
(147, 'pom', 147, 5),
(148, 'pom', 148, 5),
(149, 'ata', 149, 5),
(150, 'ata', 150, 5),
(151, 'rez', 151, 5),
(152, 'rez', 152, 5),
(153, 'rez', 153, 5),
(154, 'rez', 154, 5),
(155, 'rez', 155, 5),
(156, 'rez', 156, 5),
(157, 'rez', 157, 5),
(158, 'rez', 158, 5),
(159, 'rez', 159, 5),
(160, 'rez', 160, 5),
(161, 'rez', 161, 5),
(162, 'rez', 162, 5),
(163, 'rez', 163, 5),
(164, 'bra', 164, 6),
(165, 'obr', 165, 6),
(166, 'obr', 166, 6),
(167, 'obr', 167, 6),
(168, 'obr', 168, 6),
(169, 'pom', 169, 6),
(170, 'pom', 170, 6),
(171, 'pom', 171, 6),
(172, 'pom', 172, 6),
(173, 'ata', 173, 6),
(174, 'ata', 174, 6),
(175, 'rez', 175, 6),
(176, 'rez', 176, 6),
(177, 'rez', 177, 6),
(178, 'rez', 178, 6),
(179, 'rez', 179, 6),
(180, 'rez', 180, 6),
(181, 'rez', 181, 6),
(182, 'rez', 182, 6),
(183, 'rez', 183, 6),
(184, 'rez', 184, 6),
(185, 'rez', 185, 6),
(186, 'rez', 186, 6),
(187, 'rez', 187, 6),
(188, 'bra', 188, 7),
(189, 'obr', 189, 7),
(190, 'obr', 190, 7),
(191, 'obr', 191, 7),
(192, 'obr', 192, 7),
(193, 'pom', 193, 7),
(194, 'pom', 194, 7),
(195, 'pom', 195, 7),
(196, 'pom', 196, 7),
(197, 'ata', 197, 7),
(198, 'ata', 198, 7),
(199, 'rez', 199, 7),
(200, 'rez', 200, 7),
(201, 'rez', 201, 7),
(202, 'rez', 202, 7),
(203, 'rez', 203, 7),
(204, 'rez', 204, 7),
(205, 'rez', 205, 7),
(206, 'rez', 206, 7),
(207, 'rez', 207, 7),
(208, 'rez', 208, 7),
(209, 'rez', 209, 7),
(210, 'rez', 210, 7),
(211, 'rez', 211, 7),
(212, 'bra', 212, 8),
(213, 'obr', 213, 8),
(214, 'obr', 214, 8),
(215, 'obr', 215, 8),
(216, 'obr', 216, 8),
(217, 'pom', 217, 8),
(218, 'pom', 218, 8),
(219, 'pom', 219, 8),
(220, 'pom', 220, 8),
(221, 'ata', 221, 8),
(222, 'ata', 222, 8),
(223, 'rez', 223, 8),
(224, 'rez', 224, 8),
(225, 'rez', 225, 8),
(226, 'rez', 226, 8),
(227, 'rez', 227, 8),
(228, 'rez', 228, 8),
(229, 'rez', 229, 8),
(230, 'rez', 230, 8),
(231, 'rez', 231, 8),
(232, 'rez', 232, 8),
(233, 'rez', 233, 8),
(234, 'rez', 234, 8),
(235, 'rez', 235, 8),
(236, 'bra', 236, 9),
(237, 'obr', 237, 9),
(238, 'obr', 238, 9),
(239, 'obr', 239, 9),
(240, 'obr', 240, 9),
(241, 'pom', 241, 9),
(242, 'pom', 242, 9),
(243, 'pom', 243, 9),
(244, 'pom', 244, 9),
(245, 'ata', 245, 9),
(246, 'ata', 246, 9),
(247, 'rez', 247, 9),
(248, 'rez', 248, 9),
(249, 'rez', 249, 9),
(250, 'rez', 250, 9),
(251, 'rez', 251, 9),
(252, 'rez', 252, 9),
(253, 'rez', 253, 9),
(254, 'rez', 254, 9),
(255, 'rez', 255, 9),
(256, 'rez', 256, 9),
(257, 'rez', 257, 9),
(258, 'rez', 258, 9),
(259, 'rez', 259, 9),
(260, 'bra', 260, 10),
(261, 'obr', 261, 10),
(262, 'obr', 262, 10),
(263, 'obr', 263, 10),
(264, 'obr', 264, 10),
(265, 'pom', 265, 10),
(266, 'pom', 266, 10),
(267, 'pom', 267, 10),
(268, 'pom', 268, 10),
(269, 'ata', 269, 10),
(270, 'ata', 270, 10),
(271, 'rez', 271, 10),
(272, 'rez', 272, 10),
(273, 'rez', 273, 10),
(274, 'rez', 274, 10),
(275, 'rez', 275, 10),
(276, 'rez', 276, 10),
(277, 'rez', 277, 10),
(278, 'rez', 278, 10),
(279, 'rez', 279, 10),
(280, 'rez', 280, 10),
(281, 'rez', 281, 10),
(282, 'rez', 282, 10),
(283, 'rez', 283, 10),
(284, 'bra', 284, 11),
(285, 'obr', 285, 11),
(286, 'obr', 286, 11),
(287, 'obr', 287, 11),
(288, 'obr', 288, 11),
(289, 'pom', 289, 11),
(290, 'pom', 290, 11),
(291, 'pom', 291, 11),
(292, 'pom', 292, 11),
(293, 'ata', 293, 11),
(294, 'ata', 294, 11),
(295, 'rez', 295, 11),
(296, 'rez', 296, 11),
(297, 'rez', 297, 11),
(298, 'rez', 298, 11),
(299, 'rez', 299, 11),
(300, 'rez', 300, 11),
(301, 'rez', 301, 11),
(302, 'rez', 302, 11),
(303, 'rez', 303, 11),
(304, 'rez', 304, 11),
(305, 'rez', 305, 11),
(306, 'rez', 306, 11),
(307, 'rez', 307, 11),
(308, 'bra', 308, 12),
(309, 'obr', 309, 12),
(310, 'obr', 310, 12),
(311, 'obr', 311, 12),
(312, 'obr', 312, 12),
(313, 'pom', 313, 12),
(314, 'pom', 314, 12),
(315, 'pom', 315, 12),
(316, 'pom', 316, 12),
(317, 'ata', 317, 12),
(318, 'ata', 318, 12),
(319, 'rez', 319, 12),
(320, 'rez', 320, 12),
(321, 'rez', 321, 12),
(322, 'rez', 322, 12),
(323, 'rez', 323, 12),
(324, 'rez', 324, 12),
(325, 'rez', 325, 12),
(326, 'rez', 326, 12),
(327, 'rez', 327, 12),
(328, 'rez', 328, 12),
(329, 'rez', 329, 12),
(330, 'rez', 330, 12),
(331, 'rez', 331, 12),
(332, 'bra', 332, 13),
(333, 'obr', 333, 13),
(334, 'obr', 334, 13),
(335, 'obr', 335, 13),
(336, 'obr', 336, 13),
(337, 'pom', 337, 13),
(338, 'pom', 338, 13),
(339, 'pom', 339, 13),
(340, 'pom', 340, 13),
(341, 'ata', 341, 13),
(342, 'ata', 342, 13),
(343, 'rez', 343, 13),
(344, 'rez', 344, 13),
(345, 'rez', 345, 13),
(346, 'rez', 346, 13),
(347, 'rez', 347, 13),
(348, 'rez', 348, 13),
(349, 'rez', 349, 13),
(350, 'rez', 350, 13),
(351, 'rez', 351, 13),
(352, 'rez', 352, 13),
(353, 'rez', 353, 13),
(354, 'rez', 354, 13),
(355, 'rez', 355, 13),
(356, 'bra', 356, 14),
(357, 'obr', 357, 14),
(358, 'obr', 358, 14),
(359, 'obr', 359, 14),
(360, 'obr', 360, 14),
(361, 'pom', 361, 14),
(362, 'pom', 362, 14),
(363, 'pom', 363, 14),
(364, 'pom', 364, 14),
(365, 'ata', 365, 14),
(366, 'ata', 366, 14),
(367, 'rez', 367, 14),
(368, 'rez', 368, 14),
(369, 'rez', 369, 14),
(370, 'rez', 370, 14),
(371, 'rez', 371, 14),
(372, 'rez', 372, 14),
(373, 'rez', 373, 14),
(374, 'rez', 374, 14),
(375, 'rez', 375, 14),
(376, 'rez', 376, 14),
(377, 'rez', 377, 14),
(378, 'rez', 378, 14),
(379, 'rez', 379, 14),
(380, 'bra', 380, 15),
(381, 'obr', 381, 15),
(382, 'obr', 382, 15),
(383, 'obr', 383, 15),
(384, 'obr', 384, 15),
(385, 'pom', 385, 15),
(386, 'pom', 386, 15),
(387, 'pom', 387, 15),
(388, 'pom', 388, 15),
(389, 'ata', 389, 15),
(390, 'ata', 390, 15),
(391, 'rez', 391, 15),
(392, 'rez', 392, 15),
(393, 'rez', 393, 15),
(394, 'rez', 394, 15),
(395, 'rez', 395, 15),
(396, 'rez', 396, 15),
(397, 'rez', 397, 15),
(398, 'rez', 398, 15),
(399, 'rez', 399, 15),
(400, 'rez', 400, 15),
(401, 'rez', 401, 15),
(402, 'rez', 402, 15),
(403, 'rez', 403, 15),
(404, 'bra', 404, 16),
(405, 'obr', 405, 16),
(406, 'obr', 406, 16),
(407, 'obr', 407, 16),
(408, 'obr', 408, 16),
(409, 'pom', 409, 16),
(410, 'pom', 410, 16),
(411, 'pom', 411, 16),
(412, 'pom', 412, 16),
(413, 'ata', 413, 16),
(414, 'ata', 414, 16),
(415, 'rez', 415, 16),
(416, 'rez', 416, 16),
(417, 'rez', 417, 16),
(418, 'rez', 418, 16),
(419, 'rez', 419, 16),
(420, 'rez', 420, 16),
(421, 'rez', 421, 16),
(422, 'rez', 422, 16),
(423, 'rez', 423, 16),
(424, 'rez', 424, 16),
(425, 'rez', 425, 16),
(426, 'rez', 426, 16),
(427, 'rez', 427, 16),
(428, 'bra', 428, 17),
(429, 'obr', 429, 17),
(430, 'obr', 430, 17),
(431, 'obr', 431, 17),
(432, 'obr', 432, 17),
(433, 'pom', 433, 17),
(434, 'pom', 434, 17),
(435, 'pom', 435, 17),
(436, 'pom', 436, 17),
(437, 'ata', 437, 17),
(438, 'ata', 438, 17),
(439, 'rez', 439, 17),
(440, 'rez', 440, 17),
(441, 'rez', 441, 17),
(442, 'rez', 442, 17),
(443, 'rez', 443, 17),
(444, 'rez', 444, 17),
(445, 'rez', 445, 17),
(446, 'rez', 446, 17),
(447, 'rez', 447, 17),
(448, 'rez', 448, 17),
(449, 'rez', 449, 17),
(450, 'rez', 450, 17),
(451, 'rez', 451, 17),
(452, 'bra', 452, 18),
(453, 'obr', 453, 18),
(454, 'obr', 454, 18),
(455, 'obr', 455, 18),
(456, 'obr', 456, 18),
(457, 'pom', 457, 18),
(458, 'pom', 458, 18),
(459, 'pom', 459, 18),
(460, 'pom', 460, 18),
(461, 'ata', 461, 18),
(462, 'ata', 462, 18),
(463, 'rez', 463, 18),
(464, 'rez', 464, 18),
(465, 'rez', 465, 18),
(466, 'rez', 466, 18),
(467, 'rez', 467, 18),
(468, 'rez', 468, 18),
(469, 'rez', 469, 18),
(470, 'rez', 470, 18),
(471, 'rez', 471, 18),
(472, 'rez', 472, 18),
(473, 'rez', 473, 18),
(474, 'rez', 474, 18),
(475, 'rez', 475, 18);

-- --------------------------------------------------------

--
-- Struktura tabeli dla tabeli `t_zespoly`
--

CREATE TABLE `t_zespoly` (
  `id_zespolu` varchar(255) NOT NULL,
  `nazwa_zespolu` varchar(255) DEFAULT NULL,
  `rok_zalozenia` int DEFAULT NULL,
  `fk_id_stadion` varchar(255) DEFAULT NULL,
  `fk_id_kraj` varchar(255) DEFAULT NULL
) ENGINE=InnoDB DEFAULT CHARSET=utf8mb4 COLLATE=utf8mb4_0900_ai_ci;

--
-- Zrzut danych tabeli `t_zespoly`
--

INSERT INTO `t_zespoly` (`id_zespolu`, `nazwa_zespolu`, `rok_zalozenia`, `fk_id_stadion`, `fk_id_kraj`) VALUES
('ARK', 'Arka Gdynia', 1929, 'ark-stadion', 'pol'),
('CHO', 'Chojniczanka Chojnice', 1949, 'cho-stadion', 'pol'),
('CRZ', 'Cracovia', 1906, 'crz-stadion', 'pol'),
('GKS', 'Górnik Łęczna', 1979, 'gks-stadion', 'pol'),
('GZB', 'Górnik Zabrze', 1948, 'gzb-stadion', 'pol'),
('JAG', 'Jagiellonia Białystok', 1920, 'jag-stadion', 'pol'),
('LEC', 'Lech Poznań', 1922, 'lec-stadion', 'pol'),
('LEG', 'Legia Warszawa', 1916, 'leg-stadion', 'pol'),
('LPO', 'Lechia Gdańsk', 1945, 'lpo-stadion', 'pol'),
('MIE', 'Miedź Legnica', 1971, 'mie-stadion', 'pol'),
('PAK', 'Puszcza Niepołomice', 1962, 'pak-stadion', 'pol'),
('PZN', 'Pogoń Szczecin', 1948, 'pzn-stadion', 'pol'),
('RKP', 'Raków Częstochowa', 1921, 'rkp-stadion', 'pol'),
('SLP', 'Stal Stalowa Wola', 1938, 'slp-stadion', 'pol'),
('SLZ', 'Śląsk Wrocław', 1947, 'slz-stadion', 'pol'),
('WDZ', 'Widzew Łódź', 1910, 'wdz-stadion', 'pol'),
('WLO', 'Warta Poznań', 1912, 'wlo-stadion', 'pol'),
('WRK', 'Wisła Kraków', 1906, 'wrk-stadion', 'pol');

-- --------------------------------------------------------

--
-- Struktura tabeli dla tabeli `t_zespoly_zgloszone`
--

CREATE TABLE `t_zespoly_zgloszone` (
  `id_zgloszenia` int NOT NULL,
  `fk_id_sezon` varchar(255) DEFAULT NULL,
  `fk_id_zespolu` varchar(255) DEFAULT NULL
) ENGINE=InnoDB DEFAULT CHARSET=utf8mb4 COLLATE=utf8mb4_0900_ai_ci;

--
-- Zrzut danych tabeli `t_zespoly_zgloszone`
--

INSERT INTO `t_zespoly_zgloszone` (`id_zgloszenia`, `fk_id_sezon`, `fk_id_zespolu`) VALUES
(1, 'eks2023/2024', 'ARK'),
(2, 'eks2023/2024', 'CHO'),
(3, 'eks2023/2024', 'CRZ'),
(4, 'eks2023/2024', 'GKS'),
(5, 'eks2023/2024', 'JAG'),
(6, 'eks2023/2024', 'LEC'),
(7, 'eks2023/2024', 'LEG'),
(8, 'eks2023/2024', 'LPO'),
(9, 'eks2023/2024', 'MIE'),
(10, 'eks2023/2024', 'PAK'),
(11, 'eks2023/2024', 'PZN'),
(12, 'eks2023/2024', 'RKP'),
(13, 'eks2023/2024', 'SLZ'),
(14, 'eks2023/2024', 'GZB'),
(15, 'eks2023/2024', 'SLP'),
(16, 'eks2023/2024', 'WDZ'),
(17, 'eks2023/2024', 'WLO'),
(18, 'eks2023/2024', 'WRK');

--
-- Indeksy dla zrzutów tabel
--

--
-- Indeksy dla tabeli `t_akcje_meczowe`
--
ALTER TABLE `t_akcje_meczowe`
  ADD PRIMARY KEY (`id_akcji`),
  ADD KEY `fk_id_mecz` (`fk_id_mecz`),
  ADD KEY `fk_id_typ_akcji` (`fk_id_typ_akcji`),
  ADD KEY `fk_id_osoba` (`fk_id_osoba`);

--
-- Indeksy dla tabeli `t_kolejki`
--
ALTER TABLE `t_kolejki`
  ADD PRIMARY KEY (`id_kolejka`),
  ADD KEY `fk_id_sezon` (`fk_id_sezon`),
  ADD KEY `fk_id_runda` (`fk_id_runda`);

--
-- Indeksy dla tabeli `t_kontrakty`
--
ALTER TABLE `t_kontrakty`
  ADD PRIMARY KEY (`id_kontraktu`),
  ADD KEY `fk_id_osoba` (`fk_id_osoba`),
  ADD KEY `fk_id_zespolu` (`fk_id_zespolu`),
  ADD KEY `fk_id_typ_kontraktu` (`fk_id_typ_kontraktu`);

--
-- Indeksy dla tabeli `t_kraje`
--
ALTER TABLE `t_kraje`
  ADD PRIMARY KEY (`id_kraj`);

--
-- Indeksy dla tabeli `t_ligi`
--
ALTER TABLE `t_ligi`
  ADD PRIMARY KEY (`id_liga`),
  ADD KEY `fk_id_kraj` (`fk_id_kraj`);

--
-- Indeksy dla tabeli `t_mecze`
--
ALTER TABLE `t_mecze`
  ADD PRIMARY KEY (`id_mecz`),
  ADD KEY `stadion` (`stadion`),
  ADD KEY `fk_id_kolejka` (`fk_id_kolejka`),
  ADD KEY `fk_id_sedzia` (`fk_id_sedzia`),
  ADD KEY `fk_id_gospodarz` (`fk_id_gospodarz`),
  ADD KEY `fk_id_gosc` (`fk_id_gosc`),
  ADD KEY `fk_id_sklad_gospodarz` (`fk_id_sklad_gospodarz`),
  ADD KEY `fk_id_sklad_gosc` (`fk_id_sklad_gosc`);

--
-- Indeksy dla tabeli `t_osoby`
--
ALTER TABLE `t_osoby`
  ADD PRIMARY KEY (`id_osoby`),
  ADD KEY `fk_id_kraj` (`fk_id_kraj`);

--
-- Indeksy dla tabeli `t_role`
--
ALTER TABLE `t_role`
  ADD PRIMARY KEY (`id_roli`);

--
-- Indeksy dla tabeli `t_sezony`
--
ALTER TABLE `t_sezony`
  ADD PRIMARY KEY (`id_sezon`),
  ADD KEY `fk_id_liga` (`fk_id_liga`);

--
-- Indeksy dla tabeli `t_sklady`
--
ALTER TABLE `t_sklady`
  ADD PRIMARY KEY (`id_skladu`),
  ADD KEY `fk_id_zespolu` (`fk_id_zespolu`);

--
-- Indeksy dla tabeli `t_stadiony`
--
ALTER TABLE `t_stadiony`
  ADD PRIMARY KEY (`id_stadionu`);

--
-- Indeksy dla tabeli `t_typy_kontraktow`
--
ALTER TABLE `t_typy_kontraktow`
  ADD PRIMARY KEY (`id_typ_kontraktu`);

--
-- Indeksy dla tabeli `t_typ_akcji`
--
ALTER TABLE `t_typ_akcji`
  ADD PRIMARY KEY (`id_typu_akcji`);

--
-- Indeksy dla tabeli `t_typ_rundy`
--
ALTER TABLE `t_typ_rundy`
  ADD PRIMARY KEY (`id_typ_rundy`);

--
-- Indeksy dla tabeli `t_uczestnicy`
--
ALTER TABLE `t_uczestnicy`
  ADD PRIMARY KEY (`id_uczestnika`),
  ADD KEY `fk_id_rodzaj_roli` (`fk_id_rodzaj_roli`),
  ADD KEY `fk_id_sklad` (`fk_id_sklad`),
  ADD KEY `fk_id_osoba` (`fk_id_osoba`);

--
-- Indeksy dla tabeli `t_zespoly`
--
ALTER TABLE `t_zespoly`
  ADD PRIMARY KEY (`id_zespolu`),
  ADD KEY `fk_id_stadion` (`fk_id_stadion`),
  ADD KEY `fk_id_kraj` (`fk_id_kraj`);

--
-- Indeksy dla tabeli `t_zespoly_zgloszone`
--
ALTER TABLE `t_zespoly_zgloszone`
  ADD PRIMARY KEY (`id_zgloszenia`),
  ADD KEY `fk_id_sezon` (`fk_id_sezon`),
  ADD KEY `fk_id_zespolu` (`fk_id_zespolu`);

--
-- AUTO_INCREMENT dla zrzuconych tabel
--

--
-- AUTO_INCREMENT dla tabeli `t_akcje_meczowe`
--
ALTER TABLE `t_akcje_meczowe`
  MODIFY `id_akcji` int NOT NULL AUTO_INCREMENT, AUTO_INCREMENT=1017;

--
-- AUTO_INCREMENT dla tabeli `t_kontrakty`
--
ALTER TABLE `t_kontrakty`
  MODIFY `id_kontraktu` int NOT NULL AUTO_INCREMENT, AUTO_INCREMENT=500;

--
-- AUTO_INCREMENT dla tabeli `t_mecze`
--
ALTER TABLE `t_mecze`
  MODIFY `id_mecz` int NOT NULL AUTO_INCREMENT, AUTO_INCREMENT=307;

--
-- AUTO_INCREMENT dla tabeli `t_osoby`
--
ALTER TABLE `t_osoby`
  MODIFY `id_osoby` int NOT NULL AUTO_INCREMENT, AUTO_INCREMENT=524;

--
-- AUTO_INCREMENT dla tabeli `t_sklady`
--
ALTER TABLE `t_sklady`
  MODIFY `id_skladu` int NOT NULL AUTO_INCREMENT, AUTO_INCREMENT=19;

--
-- AUTO_INCREMENT dla tabeli `t_typy_kontraktow`
--
ALTER TABLE `t_typy_kontraktow`
  MODIFY `id_typ_kontraktu` int NOT NULL AUTO_INCREMENT, AUTO_INCREMENT=6;

--
-- AUTO_INCREMENT dla tabeli `t_typ_akcji`
--
ALTER TABLE `t_typ_akcji`
  MODIFY `id_typu_akcji` int NOT NULL AUTO_INCREMENT, AUTO_INCREMENT=6;

--
-- AUTO_INCREMENT dla tabeli `t_typ_rundy`
--
ALTER TABLE `t_typ_rundy`
  MODIFY `id_typ_rundy` int NOT NULL AUTO_INCREMENT, AUTO_INCREMENT=3;

--
-- AUTO_INCREMENT dla tabeli `t_uczestnicy`
--
ALTER TABLE `t_uczestnicy`
  MODIFY `id_uczestnika` int NOT NULL AUTO_INCREMENT, AUTO_INCREMENT=476;

--
-- AUTO_INCREMENT dla tabeli `t_zespoly_zgloszone`
--
ALTER TABLE `t_zespoly_zgloszone`
  MODIFY `id_zgloszenia` int NOT NULL AUTO_INCREMENT, AUTO_INCREMENT=19;

--
-- Ograniczenia dla zrzutów tabel
--

--
-- Ograniczenia dla tabeli `t_akcje_meczowe`
--
ALTER TABLE `t_akcje_meczowe`
  ADD CONSTRAINT `t_akcje_meczowe_ibfk_1` FOREIGN KEY (`fk_id_mecz`) REFERENCES `t_mecze` (`id_mecz`),
  ADD CONSTRAINT `t_akcje_meczowe_ibfk_2` FOREIGN KEY (`fk_id_typ_akcji`) REFERENCES `t_typ_akcji` (`id_typu_akcji`),
  ADD CONSTRAINT `t_akcje_meczowe_ibfk_3` FOREIGN KEY (`fk_id_osoba`) REFERENCES `t_uczestnicy` (`id_uczestnika`);

--
-- Ograniczenia dla tabeli `t_kolejki`
--
ALTER TABLE `t_kolejki`
  ADD CONSTRAINT `t_kolejki_ibfk_1` FOREIGN KEY (`fk_id_sezon`) REFERENCES `t_sezony` (`id_sezon`),
  ADD CONSTRAINT `t_kolejki_ibfk_2` FOREIGN KEY (`fk_id_runda`) REFERENCES `t_typ_rundy` (`id_typ_rundy`);

--
-- Ograniczenia dla tabeli `t_kontrakty`
--
ALTER TABLE `t_kontrakty`
  ADD CONSTRAINT `t_kontrakty_ibfk_1` FOREIGN KEY (`fk_id_osoba`) REFERENCES `t_osoby` (`id_osoby`),
  ADD CONSTRAINT `t_kontrakty_ibfk_2` FOREIGN KEY (`fk_id_zespolu`) REFERENCES `t_zespoly` (`id_zespolu`),
  ADD CONSTRAINT `t_kontrakty_ibfk_3` FOREIGN KEY (`fk_id_typ_kontraktu`) REFERENCES `t_typy_kontraktow` (`id_typ_kontraktu`);

--
-- Ograniczenia dla tabeli `t_ligi`
--
ALTER TABLE `t_ligi`
  ADD CONSTRAINT `t_ligi_ibfk_1` FOREIGN KEY (`fk_id_kraj`) REFERENCES `t_kraje` (`id_kraj`);

--
-- Ograniczenia dla tabeli `t_mecze`
--
ALTER TABLE `t_mecze`
  ADD CONSTRAINT `t_mecze_ibfk_1` FOREIGN KEY (`stadion`) REFERENCES `t_stadiony` (`id_stadionu`),
  ADD CONSTRAINT `t_mecze_ibfk_2` FOREIGN KEY (`fk_id_kolejka`) REFERENCES `t_kolejki` (`id_kolejka`),
  ADD CONSTRAINT `t_mecze_ibfk_3` FOREIGN KEY (`fk_id_sedzia`) REFERENCES `t_uczestnicy` (`id_uczestnika`),
  ADD CONSTRAINT `t_mecze_ibfk_4` FOREIGN KEY (`fk_id_gospodarz`) REFERENCES `t_zespoly` (`id_zespolu`),
  ADD CONSTRAINT `t_mecze_ibfk_5` FOREIGN KEY (`fk_id_gosc`) REFERENCES `t_zespoly` (`id_zespolu`),
  ADD CONSTRAINT `t_mecze_ibfk_6` FOREIGN KEY (`fk_id_sklad_gospodarz`) REFERENCES `t_sklady` (`id_skladu`),
  ADD CONSTRAINT `t_mecze_ibfk_7` FOREIGN KEY (`fk_id_sklad_gosc`) REFERENCES `t_sklady` (`id_skladu`);

--
-- Ograniczenia dla tabeli `t_osoby`
--
ALTER TABLE `t_osoby`
  ADD CONSTRAINT `t_osoby_ibfk_1` FOREIGN KEY (`fk_id_kraj`) REFERENCES `t_kraje` (`id_kraj`);

--
-- Ograniczenia dla tabeli `t_sezony`
--
ALTER TABLE `t_sezony`
  ADD CONSTRAINT `t_sezony_ibfk_1` FOREIGN KEY (`fk_id_liga`) REFERENCES `t_ligi` (`id_liga`);

--
-- Ograniczenia dla tabeli `t_sklady`
--
ALTER TABLE `t_sklady`
  ADD CONSTRAINT `t_sklady_ibfk_1` FOREIGN KEY (`fk_id_zespolu`) REFERENCES `t_zespoly` (`id_zespolu`);

--
-- Ograniczenia dla tabeli `t_uczestnicy`
--
ALTER TABLE `t_uczestnicy`
  ADD CONSTRAINT `t_uczestnicy_ibfk_1` FOREIGN KEY (`fk_id_rodzaj_roli`) REFERENCES `t_role` (`id_roli`),
  ADD CONSTRAINT `t_uczestnicy_ibfk_2` FOREIGN KEY (`fk_id_sklad`) REFERENCES `t_sklady` (`id_skladu`),
  ADD CONSTRAINT `t_uczestnicy_ibfk_3` FOREIGN KEY (`fk_id_osoba`) REFERENCES `t_osoby` (`id_osoby`);

--
-- Ograniczenia dla tabeli `t_zespoly`
--
ALTER TABLE `t_zespoly`
  ADD CONSTRAINT `t_zespoly_ibfk_1` FOREIGN KEY (`fk_id_stadion`) REFERENCES `t_stadiony` (`id_stadionu`),
  ADD CONSTRAINT `t_zespoly_ibfk_2` FOREIGN KEY (`fk_id_kraj`) REFERENCES `t_kraje` (`id_kraj`);

--
-- Ograniczenia dla tabeli `t_zespoly_zgloszone`
--
ALTER TABLE `t_zespoly_zgloszone`
  ADD CONSTRAINT `t_zespoly_zgloszone_ibfk_1` FOREIGN KEY (`fk_id_sezon`) REFERENCES `t_sezony` (`id_sezon`),
  ADD CONSTRAINT `t_zespoly_zgloszone_ibfk_2` FOREIGN KEY (`fk_id_zespolu`) REFERENCES `t_zespoly` (`id_zespolu`);
COMMIT;

/*!40101 SET CHARACTER_SET_CLIENT=@OLD_CHARACTER_SET_CLIENT */;
/*!40101 SET CHARACTER_SET_RESULTS=@OLD_CHARACTER_SET_RESULTS */;
/*!40101 SET COLLATION_CONNECTION=@OLD_COLLATION_CONNECTION */;
